,0
0,"<selenium.webdriver.remote.webelement.WebElement (session=""c8342d4500cdf9f1d1e4e2ac266923c1"", element=""9a548e00-8bc3-4b04-b1e5-9911709265b0"")>"
1,"<selenium.webdriver.remote.webelement.WebElement (session=""c8342d4500cdf9f1d1e4e2ac266923c1"", element=""fa68e5d6-4591-4fdd-8195-2eb1b2902af8"")>"
2,"<selenium.webdriver.remote.webelement.WebElement (session=""c8342d4500cdf9f1d1e4e2ac266923c1"", element=""f793baaf-68a7-4f5f-8737-740e8af4805c"")>"
3,"<selenium.webdriver.remote.webelement.WebElement (session=""c8342d4500cdf9f1d1e4e2ac266923c1"", element=""c4f3364e-4a9b-4cce-ba5c-60ad0ba9156c"")>"
4,"<selenium.webdriver.remote.webelement.WebElement (session=""c8342d4500cdf9f1d1e4e2ac266923c1"", element=""9b19813f-062a-450d-810b-180361f898aa"")>"
5,"<selenium.webdriver.remote.webelement.WebElement (session=""c8342d4500cdf9f1d1e4e2ac266923c1"", element=""00023e35-5b6d-417d-96f8-9852d2d2db9b"")>"
6,"<selenium.webdriver.remote.webelement.WebElement (session=""c8342d4500cdf9f1d1e4e2ac266923c1"", element=""29cc5512-3ef7-4ba5-ac34-9b975683dbf7"")>"
7,"<selenium.webdriver.remote.webelement.WebElement (session=""c8342d4500cdf9f1d1e4e2ac266923c1"", element=""42dfd989-eddb-4395-9b88-415b56407252"")>"
8,"<selenium.webdriver.remote.webelement.WebElement (session=""c8342d4500cdf9f1d1e4e2ac266923c1"", element=""42169652-bf6d-478d-8a73-4d5913fe79f9"")>"
9,"<selenium.webdriver.remote.webelement.WebElement (session=""c8342d4500cdf9f1d1e4e2ac266923c1"", element=""799db8d6-0adb-4d05-b0f7-8fe4ab5ebc99"")>"
10,"<selenium.webdriver.remote.webelement.WebElement (session=""c8342d4500cdf9f1d1e4e2ac266923c1"", element=""880d5db1-ce58-4096-aacd-4487924c5701"")>"
11,"<selenium.webdriver.remote.webelement.WebElement (session=""c8342d4500cdf9f1d1e4e2ac266923c1"", element=""9c6f70d7-477b-4992-83fa-303f7b442a1b"")>"
12,"<selenium.webdriver.remote.webelement.WebElement (session=""c8342d4500cdf9f1d1e4e2ac266923c1"", element=""35e6ed6c-2825-4a07-820e-2a9cce932039"")>"
13,"<selenium.webdriver.remote.webelement.WebElement (session=""c8342d4500cdf9f1d1e4e2ac266923c1"", element=""64593ed3-66a6-4845-b6de-1ec2f40a2201"")>"
14,"<selenium.webdriver.remote.webelement.WebElement (session=""c8342d4500cdf9f1d1e4e2ac266923c1"", element=""bdbb2fb3-6437-48e4-8cea-c91b32ec82cb"")>"
15,"<selenium.webdriver.remote.webelement.WebElement (session=""c8342d4500cdf9f1d1e4e2ac266923c1"", element=""7392ae27-0d9b-475a-b535-006e40067784"")>"
16,"<selenium.webdriver.remote.webelement.WebElement (session=""c8342d4500cdf9f1d1e4e2ac266923c1"", element=""d463ec56-aea5-4b1e-ad4f-4c703fb30020"")>"
17,"<selenium.webdriver.remote.webelement.WebElement (session=""c8342d4500cdf9f1d1e4e2ac266923c1"", element=""fd59027a-b56a-45a1-98df-e0b3c855b9ff"")>"
18,"<selenium.webdriver.remote.webelement.WebElement (session=""c8342d4500cdf9f1d1e4e2ac266923c1"", element=""28af5162-563f-44ac-9313-66475011bc0e"")>"
19,"<selenium.webdriver.remote.webelement.WebElement (session=""c8342d4500cdf9f1d1e4e2ac266923c1"", element=""0e642ff7-8c1c-485d-bd5b-2035f7ba673e"")>"
20,"<selenium.webdriver.remote.webelement.WebElement (session=""c8342d4500cdf9f1d1e4e2ac266923c1"", element=""3449a737-58aa-4c99-a3fa-7c1d14c9434f"")>"
21,"<selenium.webdriver.remote.webelement.WebElement (session=""c8342d4500cdf9f1d1e4e2ac266923c1"", element=""cfbd382c-7fd2-44bc-984a-651b7ce4becb"")>"
22,"<selenium.webdriver.remote.webelement.WebElement (session=""c8342d4500cdf9f1d1e4e2ac266923c1"", element=""6c041d3f-25d6-41ad-9117-e37d65c2c8d9"")>"
23,"<selenium.webdriver.remote.webelement.WebElement (session=""c8342d4500cdf9f1d1e4e2ac266923c1"", element=""4a63c6e9-03f9-4e85-bf7b-6ddec43e44fd"")>"
24,"<selenium.webdriver.remote.webelement.WebElement (session=""c8342d4500cdf9f1d1e4e2ac266923c1"", element=""f6c2adcf-6cfd-437a-8e62-2477acd14685"")>"
25,"<selenium.webdriver.remote.webelement.WebElement (session=""c8342d4500cdf9f1d1e4e2ac266923c1"", element=""dc546355-46bd-4d64-874a-01bc18a0cdab"")>"
26,"<selenium.webdriver.remote.webelement.WebElement (session=""c8342d4500cdf9f1d1e4e2ac266923c1"", element=""8b805932-5856-4559-a924-224a077fcf26"")>"
27,"<selenium.webdriver.remote.webelement.WebElement (session=""c8342d4500cdf9f1d1e4e2ac266923c1"", element=""832a9292-131b-4aef-9f84-d323faaa38b3"")>"
28,"<selenium.webdriver.remote.webelement.WebElement (session=""c8342d4500cdf9f1d1e4e2ac266923c1"", element=""31eebf37-10b6-4d8c-a116-7c8cb74037d8"")>"
29,"<selenium.webdriver.remote.webelement.WebElement (session=""c8342d4500cdf9f1d1e4e2ac266923c1"", element=""ac7e29a9-fa02-4377-837a-488b0edb17b7"")>"
30,"<selenium.webdriver.remote.webelement.WebElement (session=""c8342d4500cdf9f1d1e4e2ac266923c1"", element=""70572eee-3612-433b-9ace-073aa68016d4"")>"
31,"<selenium.webdriver.remote.webelement.WebElement (session=""c8342d4500cdf9f1d1e4e2ac266923c1"", element=""c2087bec-45b9-4e7d-84ed-220e2c0c411b"")>"
32,"<selenium.webdriver.remote.webelement.WebElement (session=""c8342d4500cdf9f1d1e4e2ac266923c1"", element=""e3bd4637-7b7e-452a-9305-63d1973ee22c"")>"
33,"<selenium.webdriver.remote.webelement.WebElement (session=""c8342d4500cdf9f1d1e4e2ac266923c1"", element=""54652f57-03e0-4faf-85d9-eb6c4fb95e67"")>"
34,"<selenium.webdriver.remote.webelement.WebElement (session=""c8342d4500cdf9f1d1e4e2ac266923c1"", element=""c1703901-1e4b-4ed0-860b-1a7720ccf4f0"")>"
35,"<selenium.webdriver.remote.webelement.WebElement (session=""c8342d4500cdf9f1d1e4e2ac266923c1"", element=""821a311b-368d-4c05-8912-636197a82d23"")>"
36,"<selenium.webdriver.remote.webelement.WebElement (session=""c8342d4500cdf9f1d1e4e2ac266923c1"", element=""02c1cfa8-9d67-43b2-856c-a94fb99799a0"")>"
37,"<selenium.webdriver.remote.webelement.WebElement (session=""c8342d4500cdf9f1d1e4e2ac266923c1"", element=""26650d74-9973-4e9c-9d2b-3e94ce543ad8"")>"
38,"<selenium.webdriver.remote.webelement.WebElement (session=""c8342d4500cdf9f1d1e4e2ac266923c1"", element=""2e386c89-bfb9-4c47-91b6-625c832987ba"")>"
39,"<selenium.webdriver.remote.webelement.WebElement (session=""c8342d4500cdf9f1d1e4e2ac266923c1"", element=""f09d69e8-1904-4aff-b111-5c6251bb9c4b"")>"
40,"<selenium.webdriver.remote.webelement.WebElement (session=""c8342d4500cdf9f1d1e4e2ac266923c1"", element=""5775f112-ea53-461d-a351-5b7fe5f885a6"")>"
41,"<selenium.webdriver.remote.webelement.WebElement (session=""c8342d4500cdf9f1d1e4e2ac266923c1"", element=""4da49975-a6bc-4450-8a60-e93b38ea9546"")>"
42,"<selenium.webdriver.remote.webelement.WebElement (session=""c8342d4500cdf9f1d1e4e2ac266923c1"", element=""4a22fc7b-c523-4d91-a034-6a000bc8ef34"")>"
43,"<selenium.webdriver.remote.webelement.WebElement (session=""c8342d4500cdf9f1d1e4e2ac266923c1"", element=""f08af53a-e7f6-4512-953b-1ee6e4e5fbe2"")>"
44,"<selenium.webdriver.remote.webelement.WebElement (session=""c8342d4500cdf9f1d1e4e2ac266923c1"", element=""8fa7a2b0-2248-429a-970f-960beffdc536"")>"
45,"<selenium.webdriver.remote.webelement.WebElement (session=""c8342d4500cdf9f1d1e4e2ac266923c1"", element=""332e74cd-6146-41ad-8060-3d1b2d307b61"")>"
46,"<selenium.webdriver.remote.webelement.WebElement (session=""c8342d4500cdf9f1d1e4e2ac266923c1"", element=""cbf1f608-e01c-4ea4-a282-de1cf17c8fc3"")>"
47,"<selenium.webdriver.remote.webelement.WebElement (session=""c8342d4500cdf9f1d1e4e2ac266923c1"", element=""4a6a2655-100f-4559-8024-17ab09b220ae"")>"
48,"<selenium.webdriver.remote.webelement.WebElement (session=""c8342d4500cdf9f1d1e4e2ac266923c1"", element=""4ca50cf4-ac40-4d19-8340-2e9374555e00"")>"
49,"<selenium.webdriver.remote.webelement.WebElement (session=""c8342d4500cdf9f1d1e4e2ac266923c1"", element=""d07a7ecc-b93a-464e-add7-cd1e67927c37"")>"
50,"<selenium.webdriver.remote.webelement.WebElement (session=""c8342d4500cdf9f1d1e4e2ac266923c1"", element=""6caa7b5c-c9ef-4e3b-8ab8-69051212d447"")>"
51,"<selenium.webdriver.remote.webelement.WebElement (session=""c8342d4500cdf9f1d1e4e2ac266923c1"", element=""278c507f-cf79-4c58-9b50-9b52350646c8"")>"
52,"<selenium.webdriver.remote.webelement.WebElement (session=""c8342d4500cdf9f1d1e4e2ac266923c1"", element=""7e275ed3-5ccb-40d3-82e0-4fdc29bbbda2"")>"
53,"<selenium.webdriver.remote.webelement.WebElement (session=""c8342d4500cdf9f1d1e4e2ac266923c1"", element=""c182d78f-8f8d-41d4-b084-68cfa68bb37f"")>"
54,"<selenium.webdriver.remote.webelement.WebElement (session=""c8342d4500cdf9f1d1e4e2ac266923c1"", element=""cdff88b8-3292-4fe2-866e-c31292ef3107"")>"
55,"<selenium.webdriver.remote.webelement.WebElement (session=""c8342d4500cdf9f1d1e4e2ac266923c1"", element=""281e4cb7-6292-406d-879e-92c67bcda83f"")>"
56,"<selenium.webdriver.remote.webelement.WebElement (session=""c8342d4500cdf9f1d1e4e2ac266923c1"", element=""58ccd90e-d920-4503-93a8-df097874526f"")>"
57,"<selenium.webdriver.remote.webelement.WebElement (session=""c8342d4500cdf9f1d1e4e2ac266923c1"", element=""198bfd73-d84f-4e08-8bf0-306543071d90"")>"
58,"<selenium.webdriver.remote.webelement.WebElement (session=""c8342d4500cdf9f1d1e4e2ac266923c1"", element=""2d4ef19a-88f1-4ba4-a5cc-d399d74c8636"")>"
59,"<selenium.webdriver.remote.webelement.WebElement (session=""c8342d4500cdf9f1d1e4e2ac266923c1"", element=""2728b908-4b8a-4b5d-aea1-1670e889f479"")>"
60,"<selenium.webdriver.remote.webelement.WebElement (session=""c8342d4500cdf9f1d1e4e2ac266923c1"", element=""5c9b376b-983f-49f1-be3e-04fea3b14bf9"")>"
61,"<selenium.webdriver.remote.webelement.WebElement (session=""c8342d4500cdf9f1d1e4e2ac266923c1"", element=""1df74f80-5448-4cb8-9476-0d5edab95367"")>"
62,"<selenium.webdriver.remote.webelement.WebElement (session=""c8342d4500cdf9f1d1e4e2ac266923c1"", element=""10e87c97-42c4-4bba-bba5-72225d1f1352"")>"
63,"<selenium.webdriver.remote.webelement.WebElement (session=""c8342d4500cdf9f1d1e4e2ac266923c1"", element=""f2222c71-42b5-4395-ae66-da0cfe0b0147"")>"
64,"<selenium.webdriver.remote.webelement.WebElement (session=""c8342d4500cdf9f1d1e4e2ac266923c1"", element=""d0c3b6c9-6240-4768-93e5-79da5ba20ec4"")>"
65,"<selenium.webdriver.remote.webelement.WebElement (session=""c8342d4500cdf9f1d1e4e2ac266923c1"", element=""dd8f81b7-decc-4e9f-93d7-4e438b3e59cd"")>"
66,"<selenium.webdriver.remote.webelement.WebElement (session=""c8342d4500cdf9f1d1e4e2ac266923c1"", element=""457ed346-be96-448d-a40e-2815af3d2b5a"")>"
67,"<selenium.webdriver.remote.webelement.WebElement (session=""c8342d4500cdf9f1d1e4e2ac266923c1"", element=""5cec7229-6177-4260-b2cc-3833c75c58e8"")>"
68,"<selenium.webdriver.remote.webelement.WebElement (session=""c8342d4500cdf9f1d1e4e2ac266923c1"", element=""44609154-2505-40c2-adf8-9b674ad7cee0"")>"
69,"<selenium.webdriver.remote.webelement.WebElement (session=""c8342d4500cdf9f1d1e4e2ac266923c1"", element=""9de0d107-c515-4c14-ae01-760074483fd9"")>"
70,"<selenium.webdriver.remote.webelement.WebElement (session=""c8342d4500cdf9f1d1e4e2ac266923c1"", element=""d2f1cf06-26fc-4bf2-818e-699f3b4fc8ef"")>"
71,"<selenium.webdriver.remote.webelement.WebElement (session=""c8342d4500cdf9f1d1e4e2ac266923c1"", element=""c2e48fe1-ce87-46b7-b7bb-afe601abdd2a"")>"
72,"<selenium.webdriver.remote.webelement.WebElement (session=""c8342d4500cdf9f1d1e4e2ac266923c1"", element=""bc60ac50-d540-4248-b134-42c90a992a99"")>"
73,"<selenium.webdriver.remote.webelement.WebElement (session=""c8342d4500cdf9f1d1e4e2ac266923c1"", element=""15c663f8-84ed-4aaa-95b8-7e2ec44dc2d2"")>"
74,"<selenium.webdriver.remote.webelement.WebElement (session=""c8342d4500cdf9f1d1e4e2ac266923c1"", element=""d4764445-2ebe-4652-b257-21ede07a75d1"")>"
75,"<selenium.webdriver.remote.webelement.WebElement (session=""c8342d4500cdf9f1d1e4e2ac266923c1"", element=""f388d4a3-8ca2-478e-8c75-7ea021af21ff"")>"
76,"<selenium.webdriver.remote.webelement.WebElement (session=""c8342d4500cdf9f1d1e4e2ac266923c1"", element=""5c283789-81fd-4ca2-8226-e173860f22af"")>"
77,"<selenium.webdriver.remote.webelement.WebElement (session=""c8342d4500cdf9f1d1e4e2ac266923c1"", element=""3fab29ff-c272-43a2-b2df-8b428469141a"")>"
78,"<selenium.webdriver.remote.webelement.WebElement (session=""c8342d4500cdf9f1d1e4e2ac266923c1"", element=""eeaf4c0c-f168-4c18-8c81-40b06fa36fba"")>"
79,"<selenium.webdriver.remote.webelement.WebElement (session=""c8342d4500cdf9f1d1e4e2ac266923c1"", element=""908babc2-f22e-4895-bfad-30f00f44baf3"")>"
80,"<selenium.webdriver.remote.webelement.WebElement (session=""c8342d4500cdf9f1d1e4e2ac266923c1"", element=""ec8f8a59-2c49-4b54-8bd6-bdfd7c164163"")>"
81,"<selenium.webdriver.remote.webelement.WebElement (session=""c8342d4500cdf9f1d1e4e2ac266923c1"", element=""68db82d3-ebec-460f-9187-6d16371bfccb"")>"
82,"<selenium.webdriver.remote.webelement.WebElement (session=""c8342d4500cdf9f1d1e4e2ac266923c1"", element=""ad6c6d87-3d69-4a36-8c94-8eaa93c58eaa"")>"
83,"<selenium.webdriver.remote.webelement.WebElement (session=""c8342d4500cdf9f1d1e4e2ac266923c1"", element=""8e5237cc-bb23-4419-adc4-41baad55101c"")>"
84,"<selenium.webdriver.remote.webelement.WebElement (session=""c8342d4500cdf9f1d1e4e2ac266923c1"", element=""876d11de-f0dc-41da-9f9e-5eee9ff89a61"")>"
85,"<selenium.webdriver.remote.webelement.WebElement (session=""c8342d4500cdf9f1d1e4e2ac266923c1"", element=""24ff29f5-ec63-4968-9a57-8f67edad3dd0"")>"
86,"<selenium.webdriver.remote.webelement.WebElement (session=""c8342d4500cdf9f1d1e4e2ac266923c1"", element=""2ebf092c-1345-4308-b8ec-b7536aa5075c"")>"
87,"<selenium.webdriver.remote.webelement.WebElement (session=""c8342d4500cdf9f1d1e4e2ac266923c1"", element=""237ebc46-7918-4f25-b1e7-f6797b34699c"")>"
88,"<selenium.webdriver.remote.webelement.WebElement (session=""c8342d4500cdf9f1d1e4e2ac266923c1"", element=""2c94386a-44d4-4586-a37a-58baa77c2bfe"")>"
89,"<selenium.webdriver.remote.webelement.WebElement (session=""c8342d4500cdf9f1d1e4e2ac266923c1"", element=""67064542-dfaf-465a-b295-d905890a87df"")>"
90,"<selenium.webdriver.remote.webelement.WebElement (session=""c8342d4500cdf9f1d1e4e2ac266923c1"", element=""a6f4cf30-fd49-4f7d-b95d-b6135adf132c"")>"
91,"<selenium.webdriver.remote.webelement.WebElement (session=""c8342d4500cdf9f1d1e4e2ac266923c1"", element=""47da22e0-8afc-49d2-a8b8-d430808de370"")>"
92,"<selenium.webdriver.remote.webelement.WebElement (session=""c8342d4500cdf9f1d1e4e2ac266923c1"", element=""859436b8-2ca2-4a68-8e54-e88a3868ea63"")>"
93,"<selenium.webdriver.remote.webelement.WebElement (session=""c8342d4500cdf9f1d1e4e2ac266923c1"", element=""43ca8923-bcf0-47a8-8511-b3e2e2971c4d"")>"
94,"<selenium.webdriver.remote.webelement.WebElement (session=""c8342d4500cdf9f1d1e4e2ac266923c1"", element=""503e9130-6f60-4e12-bacd-f1c73c5c2149"")>"
95,"<selenium.webdriver.remote.webelement.WebElement (session=""c8342d4500cdf9f1d1e4e2ac266923c1"", element=""73d26898-4e03-4155-af3d-27979af1faed"")>"
96,"<selenium.webdriver.remote.webelement.WebElement (session=""c8342d4500cdf9f1d1e4e2ac266923c1"", element=""0f390b8c-be08-482e-86f8-3961a22ced22"")>"
97,"<selenium.webdriver.remote.webelement.WebElement (session=""c8342d4500cdf9f1d1e4e2ac266923c1"", element=""db773588-4a10-4863-90f7-6637ebf0a930"")>"
98,"<selenium.webdriver.remote.webelement.WebElement (session=""c8342d4500cdf9f1d1e4e2ac266923c1"", element=""4e146657-766b-45d6-b252-5c3878d4a506"")>"
99,"<selenium.webdriver.remote.webelement.WebElement (session=""c8342d4500cdf9f1d1e4e2ac266923c1"", element=""3e7d62f0-da81-4d40-8639-7aec956a4e59"")>"
100,"<selenium.webdriver.remote.webelement.WebElement (session=""c8342d4500cdf9f1d1e4e2ac266923c1"", element=""71dfe4fe-00b1-4120-95dd-ca6426827e1b"")>"
101,"<selenium.webdriver.remote.webelement.WebElement (session=""c8342d4500cdf9f1d1e4e2ac266923c1"", element=""c385b449-6999-452e-9571-34e1a524ccd1"")>"
102,"<selenium.webdriver.remote.webelement.WebElement (session=""c8342d4500cdf9f1d1e4e2ac266923c1"", element=""9606b0f2-1c86-4e16-9c71-36f02a77508f"")>"
103,"<selenium.webdriver.remote.webelement.WebElement (session=""c8342d4500cdf9f1d1e4e2ac266923c1"", element=""c8ca79bc-680c-44a8-bc2e-0ef6115e9659"")>"
104,"<selenium.webdriver.remote.webelement.WebElement (session=""c8342d4500cdf9f1d1e4e2ac266923c1"", element=""627883c1-f887-4be1-b575-2dd65c8f4692"")>"
105,"<selenium.webdriver.remote.webelement.WebElement (session=""c8342d4500cdf9f1d1e4e2ac266923c1"", element=""a9679704-d8f2-4f91-9102-bcb2101b32d1"")>"
106,"<selenium.webdriver.remote.webelement.WebElement (session=""c8342d4500cdf9f1d1e4e2ac266923c1"", element=""abc8cecc-8641-4db4-81b1-1a20cb801565"")>"
107,"<selenium.webdriver.remote.webelement.WebElement (session=""c8342d4500cdf9f1d1e4e2ac266923c1"", element=""39b6dfde-650b-48ac-b4ef-1351a736dfce"")>"
108,"<selenium.webdriver.remote.webelement.WebElement (session=""c8342d4500cdf9f1d1e4e2ac266923c1"", element=""b05872c6-e3e8-4991-895f-44d7c8c15977"")>"
109,"<selenium.webdriver.remote.webelement.WebElement (session=""c8342d4500cdf9f1d1e4e2ac266923c1"", element=""735124dd-227c-4141-969f-36db3aab8c72"")>"
110,"<selenium.webdriver.remote.webelement.WebElement (session=""c8342d4500cdf9f1d1e4e2ac266923c1"", element=""7bb82178-764f-496c-91d3-c11f724d4f98"")>"
111,"<selenium.webdriver.remote.webelement.WebElement (session=""c8342d4500cdf9f1d1e4e2ac266923c1"", element=""bf657144-4c46-47c1-9e3c-d992a2c20b36"")>"
112,"<selenium.webdriver.remote.webelement.WebElement (session=""c8342d4500cdf9f1d1e4e2ac266923c1"", element=""38b5053f-d4bc-46cb-8db0-b1f94ecd1c46"")>"
113,"<selenium.webdriver.remote.webelement.WebElement (session=""c8342d4500cdf9f1d1e4e2ac266923c1"", element=""01d0df86-8255-498e-a250-ecf0dd9569fd"")>"
114,"<selenium.webdriver.remote.webelement.WebElement (session=""c8342d4500cdf9f1d1e4e2ac266923c1"", element=""250bef80-33ff-4b6b-9144-d97bcf22b2c9"")>"
115,"<selenium.webdriver.remote.webelement.WebElement (session=""c8342d4500cdf9f1d1e4e2ac266923c1"", element=""4c0dc83d-132c-4107-a92d-f54a581c2bc5"")>"
116,"<selenium.webdriver.remote.webelement.WebElement (session=""c8342d4500cdf9f1d1e4e2ac266923c1"", element=""c9fedc1b-9e37-4919-82be-d8b08fd6a38c"")>"
117,"<selenium.webdriver.remote.webelement.WebElement (session=""c8342d4500cdf9f1d1e4e2ac266923c1"", element=""edd61a4f-e409-4ae7-a337-a17652c55654"")>"
118,"<selenium.webdriver.remote.webelement.WebElement (session=""c8342d4500cdf9f1d1e4e2ac266923c1"", element=""ec95a01b-8dd5-4067-9a8e-329b2a4ec41d"")>"
119,"<selenium.webdriver.remote.webelement.WebElement (session=""c8342d4500cdf9f1d1e4e2ac266923c1"", element=""989bce69-0ec8-44d3-89c6-650ab8e7d9c9"")>"
120,"<selenium.webdriver.remote.webelement.WebElement (session=""c8342d4500cdf9f1d1e4e2ac266923c1"", element=""0e59406b-c421-4280-8570-e0642eb60a72"")>"
121,"<selenium.webdriver.remote.webelement.WebElement (session=""c8342d4500cdf9f1d1e4e2ac266923c1"", element=""ee3ac429-97cb-436c-a56c-61b32e6fc668"")>"
122,"<selenium.webdriver.remote.webelement.WebElement (session=""c8342d4500cdf9f1d1e4e2ac266923c1"", element=""8ca09a05-ab1d-438d-ac5d-3a71a50efc99"")>"
123,"<selenium.webdriver.remote.webelement.WebElement (session=""c8342d4500cdf9f1d1e4e2ac266923c1"", element=""bd7945cd-22fe-4997-97bf-fb2ce7d4dac6"")>"
124,"<selenium.webdriver.remote.webelement.WebElement (session=""c8342d4500cdf9f1d1e4e2ac266923c1"", element=""5330f9ca-a80d-4fd0-a36d-9e2cfb223c55"")>"
125,"<selenium.webdriver.remote.webelement.WebElement (session=""c8342d4500cdf9f1d1e4e2ac266923c1"", element=""3bcabb54-69a3-423b-a910-048b5baa038b"")>"
126,"<selenium.webdriver.remote.webelement.WebElement (session=""c8342d4500cdf9f1d1e4e2ac266923c1"", element=""fde32ed2-8241-46d3-82a5-cfd1212f1ce9"")>"
127,"<selenium.webdriver.remote.webelement.WebElement (session=""c8342d4500cdf9f1d1e4e2ac266923c1"", element=""f0b5c434-92da-46a7-830a-0e6317429edf"")>"
128,"<selenium.webdriver.remote.webelement.WebElement (session=""c8342d4500cdf9f1d1e4e2ac266923c1"", element=""75d2e2e7-ef92-49c6-b196-3e42a5ca1d93"")>"
129,"<selenium.webdriver.remote.webelement.WebElement (session=""c8342d4500cdf9f1d1e4e2ac266923c1"", element=""1788c25a-90b8-4099-83a6-ff83869cab0e"")>"
130,"<selenium.webdriver.remote.webelement.WebElement (session=""c8342d4500cdf9f1d1e4e2ac266923c1"", element=""b43f49a3-01a8-4711-8d0d-2297297734f8"")>"
131,"<selenium.webdriver.remote.webelement.WebElement (session=""c8342d4500cdf9f1d1e4e2ac266923c1"", element=""5de4ec71-0f75-46e3-aec2-584a90e7dc17"")>"
132,"<selenium.webdriver.remote.webelement.WebElement (session=""c8342d4500cdf9f1d1e4e2ac266923c1"", element=""872d0f06-9ca3-4cde-be0d-fdba7bfb272a"")>"
133,"<selenium.webdriver.remote.webelement.WebElement (session=""c8342d4500cdf9f1d1e4e2ac266923c1"", element=""01c05f46-d26b-4c0c-8725-8881267c7d7a"")>"
134,"<selenium.webdriver.remote.webelement.WebElement (session=""c8342d4500cdf9f1d1e4e2ac266923c1"", element=""1fef0442-fc84-4a82-9cab-fa2ed53eb72f"")>"
135,"<selenium.webdriver.remote.webelement.WebElement (session=""c8342d4500cdf9f1d1e4e2ac266923c1"", element=""47caf6ea-2dbf-4e40-99b7-d88febeaa51d"")>"
136,"<selenium.webdriver.remote.webelement.WebElement (session=""c8342d4500cdf9f1d1e4e2ac266923c1"", element=""6d1869c8-f7b9-4153-bcb4-3226182047c8"")>"
137,"<selenium.webdriver.remote.webelement.WebElement (session=""c8342d4500cdf9f1d1e4e2ac266923c1"", element=""a298f4c2-ab4e-46e2-90a8-6a9946f3d17f"")>"
138,"<selenium.webdriver.remote.webelement.WebElement (session=""c8342d4500cdf9f1d1e4e2ac266923c1"", element=""9126f947-101d-4fae-b596-7ff91b5620f0"")>"
139,"<selenium.webdriver.remote.webelement.WebElement (session=""c8342d4500cdf9f1d1e4e2ac266923c1"", element=""c1b19d6b-c22b-418b-af4b-b2b6f583cf03"")>"
140,"<selenium.webdriver.remote.webelement.WebElement (session=""c8342d4500cdf9f1d1e4e2ac266923c1"", element=""a95b1af5-8911-4b78-a88f-4a971e962f7a"")>"
141,"<selenium.webdriver.remote.webelement.WebElement (session=""c8342d4500cdf9f1d1e4e2ac266923c1"", element=""bc634c20-6f4b-49f9-9ffc-768fd3947342"")>"
142,"<selenium.webdriver.remote.webelement.WebElement (session=""c8342d4500cdf9f1d1e4e2ac266923c1"", element=""ddcd1462-bc60-4dca-9206-e38ee7ff92a5"")>"
143,"<selenium.webdriver.remote.webelement.WebElement (session=""c8342d4500cdf9f1d1e4e2ac266923c1"", element=""c09ffffd-e4d1-4b76-a9ee-1c2250ad9f48"")>"
144,"<selenium.webdriver.remote.webelement.WebElement (session=""c8342d4500cdf9f1d1e4e2ac266923c1"", element=""44bf4362-3451-4996-8777-bdac58a9e133"")>"
145,"<selenium.webdriver.remote.webelement.WebElement (session=""c8342d4500cdf9f1d1e4e2ac266923c1"", element=""972cb49b-944c-4ee4-866a-40957da9f1f4"")>"
146,"<selenium.webdriver.remote.webelement.WebElement (session=""c8342d4500cdf9f1d1e4e2ac266923c1"", element=""ecf74cb0-673c-4c2c-a516-8bb156c81d53"")>"
147,"<selenium.webdriver.remote.webelement.WebElement (session=""c8342d4500cdf9f1d1e4e2ac266923c1"", element=""94fe23d2-16e1-4dfd-be74-6c9f80bebfbc"")>"
148,"<selenium.webdriver.remote.webelement.WebElement (session=""c8342d4500cdf9f1d1e4e2ac266923c1"", element=""d8bfdb74-1b0d-42f7-acc5-297f2e66212e"")>"
149,"<selenium.webdriver.remote.webelement.WebElement (session=""c8342d4500cdf9f1d1e4e2ac266923c1"", element=""919f9f79-44e9-47bf-b253-9ddb93603a6c"")>"
150,"<selenium.webdriver.remote.webelement.WebElement (session=""c8342d4500cdf9f1d1e4e2ac266923c1"", element=""9bb13b66-987b-4448-ba89-566ca87c02ec"")>"
151,"<selenium.webdriver.remote.webelement.WebElement (session=""c8342d4500cdf9f1d1e4e2ac266923c1"", element=""6d28b71d-e70c-45bb-8832-576381207983"")>"
152,"<selenium.webdriver.remote.webelement.WebElement (session=""c8342d4500cdf9f1d1e4e2ac266923c1"", element=""6f92427a-3f98-49c6-a5ab-4b7ce76b2f0a"")>"
153,"<selenium.webdriver.remote.webelement.WebElement (session=""c8342d4500cdf9f1d1e4e2ac266923c1"", element=""b772901d-ba58-47cb-b367-aa17286c6ba0"")>"
154,"<selenium.webdriver.remote.webelement.WebElement (session=""c8342d4500cdf9f1d1e4e2ac266923c1"", element=""01033ab3-3e79-46db-8223-f3cfb32697bc"")>"
155,"<selenium.webdriver.remote.webelement.WebElement (session=""c8342d4500cdf9f1d1e4e2ac266923c1"", element=""e78fff47-9beb-4eba-860f-89f62f1bd2ae"")>"
156,"<selenium.webdriver.remote.webelement.WebElement (session=""c8342d4500cdf9f1d1e4e2ac266923c1"", element=""3ddd2dde-3c1f-4242-af4e-9d0fa9a34d18"")>"
157,"<selenium.webdriver.remote.webelement.WebElement (session=""c8342d4500cdf9f1d1e4e2ac266923c1"", element=""b2f0b070-6634-4a1f-b0ff-0aeb0c7c1657"")>"
158,"<selenium.webdriver.remote.webelement.WebElement (session=""c8342d4500cdf9f1d1e4e2ac266923c1"", element=""b604faf5-9b94-4f6c-ad01-a5bd908d151a"")>"
159,"<selenium.webdriver.remote.webelement.WebElement (session=""c8342d4500cdf9f1d1e4e2ac266923c1"", element=""86e63037-2767-43f1-b2c0-28cf7fe6d616"")>"
160,"<selenium.webdriver.remote.webelement.WebElement (session=""c8342d4500cdf9f1d1e4e2ac266923c1"", element=""86782862-1202-452e-a1da-908b1bc12adf"")>"
161,"<selenium.webdriver.remote.webelement.WebElement (session=""c8342d4500cdf9f1d1e4e2ac266923c1"", element=""30bc39f3-ebd3-48ef-b1bb-a729dd0f2faf"")>"
162,"<selenium.webdriver.remote.webelement.WebElement (session=""c8342d4500cdf9f1d1e4e2ac266923c1"", element=""2c4c8146-ebe0-4cf6-a479-e537da31bb2e"")>"
163,"<selenium.webdriver.remote.webelement.WebElement (session=""c8342d4500cdf9f1d1e4e2ac266923c1"", element=""334658e0-5746-4ebd-8296-c7d50d74da1c"")>"
164,"<selenium.webdriver.remote.webelement.WebElement (session=""c8342d4500cdf9f1d1e4e2ac266923c1"", element=""efc2a874-c2a4-437c-aa7c-e7fa37de534c"")>"
165,"<selenium.webdriver.remote.webelement.WebElement (session=""c8342d4500cdf9f1d1e4e2ac266923c1"", element=""b24cc721-07bd-4467-bfb7-0db70f06f5b0"")>"
166,"<selenium.webdriver.remote.webelement.WebElement (session=""c8342d4500cdf9f1d1e4e2ac266923c1"", element=""4ca5b0d1-e107-4321-bafd-2114131dc0f9"")>"
167,"<selenium.webdriver.remote.webelement.WebElement (session=""c8342d4500cdf9f1d1e4e2ac266923c1"", element=""d4955e14-1b42-45d8-8307-deb62d293c6a"")>"
168,"<selenium.webdriver.remote.webelement.WebElement (session=""c8342d4500cdf9f1d1e4e2ac266923c1"", element=""a54bd75a-c2f0-4230-9bd2-27c1d984b787"")>"
169,"<selenium.webdriver.remote.webelement.WebElement (session=""c8342d4500cdf9f1d1e4e2ac266923c1"", element=""1ca6c129-9e90-4dfa-b0a7-f7345a51c870"")>"
170,"<selenium.webdriver.remote.webelement.WebElement (session=""c8342d4500cdf9f1d1e4e2ac266923c1"", element=""60143857-b18f-47b4-b0af-a60cd3064ac5"")>"
171,"<selenium.webdriver.remote.webelement.WebElement (session=""c8342d4500cdf9f1d1e4e2ac266923c1"", element=""12faea18-638d-4d8a-81ef-9d9410ab4607"")>"
172,"<selenium.webdriver.remote.webelement.WebElement (session=""c8342d4500cdf9f1d1e4e2ac266923c1"", element=""1297e457-0b14-457d-a6f8-7bebd62da683"")>"
173,"<selenium.webdriver.remote.webelement.WebElement (session=""c8342d4500cdf9f1d1e4e2ac266923c1"", element=""a4953d25-ac50-447b-8904-d6c0e98745fb"")>"
174,"<selenium.webdriver.remote.webelement.WebElement (session=""c8342d4500cdf9f1d1e4e2ac266923c1"", element=""c67c2d55-32fe-4a97-b9c5-34bfc33f4169"")>"
175,"<selenium.webdriver.remote.webelement.WebElement (session=""c8342d4500cdf9f1d1e4e2ac266923c1"", element=""209f9acd-7fe7-49a5-ba8f-9102858daa2f"")>"
176,"<selenium.webdriver.remote.webelement.WebElement (session=""c8342d4500cdf9f1d1e4e2ac266923c1"", element=""fd2638ad-3f69-468f-ba52-0fd53bb08964"")>"
177,"<selenium.webdriver.remote.webelement.WebElement (session=""c8342d4500cdf9f1d1e4e2ac266923c1"", element=""7b5dfc5e-3527-4052-a0b4-aeaf462fd511"")>"
178,"<selenium.webdriver.remote.webelement.WebElement (session=""c8342d4500cdf9f1d1e4e2ac266923c1"", element=""73161ee3-93b5-4a9e-af6e-e8ccae5ffb99"")>"
179,"<selenium.webdriver.remote.webelement.WebElement (session=""c8342d4500cdf9f1d1e4e2ac266923c1"", element=""dcb3b8ad-9d56-4a84-9493-7d3ada1f58a7"")>"
180,"<selenium.webdriver.remote.webelement.WebElement (session=""c8342d4500cdf9f1d1e4e2ac266923c1"", element=""8dd45ec8-d8aa-4ad0-8085-18fcded4a65d"")>"
181,"<selenium.webdriver.remote.webelement.WebElement (session=""c8342d4500cdf9f1d1e4e2ac266923c1"", element=""f8c28424-88a0-44b2-8212-b13c8cf9ce6e"")>"
182,"<selenium.webdriver.remote.webelement.WebElement (session=""c8342d4500cdf9f1d1e4e2ac266923c1"", element=""4c6b691c-979f-4c62-8792-2afb57e9dc9f"")>"
183,"<selenium.webdriver.remote.webelement.WebElement (session=""c8342d4500cdf9f1d1e4e2ac266923c1"", element=""dad359ee-39b7-49b8-b61c-a094b0b5c8ac"")>"
184,"<selenium.webdriver.remote.webelement.WebElement (session=""c8342d4500cdf9f1d1e4e2ac266923c1"", element=""ef78527f-009c-4852-8232-987b291fec19"")>"
185,"<selenium.webdriver.remote.webelement.WebElement (session=""c8342d4500cdf9f1d1e4e2ac266923c1"", element=""2031814c-ef99-4a43-9e9e-b58836e45975"")>"
186,"<selenium.webdriver.remote.webelement.WebElement (session=""c8342d4500cdf9f1d1e4e2ac266923c1"", element=""852859cb-d971-4aeb-ad0d-f4af7f6c59f5"")>"
187,"<selenium.webdriver.remote.webelement.WebElement (session=""c8342d4500cdf9f1d1e4e2ac266923c1"", element=""923a8d44-44c0-4a66-893a-5da26a1aa52d"")>"
188,"<selenium.webdriver.remote.webelement.WebElement (session=""c8342d4500cdf9f1d1e4e2ac266923c1"", element=""22dd3c0b-e9d8-4abd-b2f0-a34e72fef5b9"")>"
189,"<selenium.webdriver.remote.webelement.WebElement (session=""c8342d4500cdf9f1d1e4e2ac266923c1"", element=""f1742b5a-21d1-40dc-8214-0b31a14411ed"")>"
190,"<selenium.webdriver.remote.webelement.WebElement (session=""c8342d4500cdf9f1d1e4e2ac266923c1"", element=""1efb343b-4293-44ff-bed4-c8969067e270"")>"
191,"<selenium.webdriver.remote.webelement.WebElement (session=""c8342d4500cdf9f1d1e4e2ac266923c1"", element=""fd8d3931-8e03-4c88-a5d5-6b897e774200"")>"
192,"<selenium.webdriver.remote.webelement.WebElement (session=""c8342d4500cdf9f1d1e4e2ac266923c1"", element=""9e6749e3-43b7-4529-8787-b94f221024bb"")>"
193,"<selenium.webdriver.remote.webelement.WebElement (session=""c8342d4500cdf9f1d1e4e2ac266923c1"", element=""d7a82897-8398-44b0-94d9-68cba33a30b0"")>"
194,"<selenium.webdriver.remote.webelement.WebElement (session=""c8342d4500cdf9f1d1e4e2ac266923c1"", element=""6d297078-f97e-4bc9-8ddd-3354e3dbc2af"")>"
195,"<selenium.webdriver.remote.webelement.WebElement (session=""c8342d4500cdf9f1d1e4e2ac266923c1"", element=""61e94e53-33dc-4d92-93e0-f5d502b40bb3"")>"
196,"<selenium.webdriver.remote.webelement.WebElement (session=""c8342d4500cdf9f1d1e4e2ac266923c1"", element=""c191c6f6-cded-4653-9fcb-3d1f24fef942"")>"
197,"<selenium.webdriver.remote.webelement.WebElement (session=""c8342d4500cdf9f1d1e4e2ac266923c1"", element=""071ac26d-9de3-4c2a-a479-8c0e248b108f"")>"
198,"<selenium.webdriver.remote.webelement.WebElement (session=""c8342d4500cdf9f1d1e4e2ac266923c1"", element=""764734e3-a26d-4d4c-ad94-e3f416ee9591"")>"
199,"<selenium.webdriver.remote.webelement.WebElement (session=""c8342d4500cdf9f1d1e4e2ac266923c1"", element=""a763a468-25f5-4a00-9ec3-e790e30ba4bc"")>"
200,"<selenium.webdriver.remote.webelement.WebElement (session=""c8342d4500cdf9f1d1e4e2ac266923c1"", element=""d7f954c7-bb7d-4e28-afb1-6d0f9cecbae2"")>"
201,"<selenium.webdriver.remote.webelement.WebElement (session=""c8342d4500cdf9f1d1e4e2ac266923c1"", element=""7d98b5d3-aa0c-4420-be5c-a75d25cdc4d1"")>"
202,"<selenium.webdriver.remote.webelement.WebElement (session=""c8342d4500cdf9f1d1e4e2ac266923c1"", element=""2559dbba-4ffe-4858-91ec-c22716dd8c4a"")>"
203,"<selenium.webdriver.remote.webelement.WebElement (session=""c8342d4500cdf9f1d1e4e2ac266923c1"", element=""7fd0a63f-9ce9-43a7-b94e-3caead32faa6"")>"
204,"<selenium.webdriver.remote.webelement.WebElement (session=""c8342d4500cdf9f1d1e4e2ac266923c1"", element=""34bc6372-bf21-44c2-b8b0-431bbad9e221"")>"
205,"<selenium.webdriver.remote.webelement.WebElement (session=""c8342d4500cdf9f1d1e4e2ac266923c1"", element=""f6f6f54f-bd22-41c6-9153-184ce73b2840"")>"
206,"<selenium.webdriver.remote.webelement.WebElement (session=""c8342d4500cdf9f1d1e4e2ac266923c1"", element=""728bb6e8-5e00-4fce-8441-8833e5e87854"")>"
207,"<selenium.webdriver.remote.webelement.WebElement (session=""c8342d4500cdf9f1d1e4e2ac266923c1"", element=""ed19ee62-544e-4828-b7c1-bdb69b2916b6"")>"
208,"<selenium.webdriver.remote.webelement.WebElement (session=""c8342d4500cdf9f1d1e4e2ac266923c1"", element=""30b92515-a755-43c2-9907-7606715d6d18"")>"
209,"<selenium.webdriver.remote.webelement.WebElement (session=""c8342d4500cdf9f1d1e4e2ac266923c1"", element=""3bf9f9de-0b1b-4847-8971-b08a88a2c23e"")>"
210,"<selenium.webdriver.remote.webelement.WebElement (session=""c8342d4500cdf9f1d1e4e2ac266923c1"", element=""3b00f1c4-c8cf-4c05-b849-0b424b911f31"")>"
211,"<selenium.webdriver.remote.webelement.WebElement (session=""c8342d4500cdf9f1d1e4e2ac266923c1"", element=""c167337a-d899-41e7-8d06-e04bbab60425"")>"
212,"<selenium.webdriver.remote.webelement.WebElement (session=""c8342d4500cdf9f1d1e4e2ac266923c1"", element=""d89d65f1-67d5-4365-b1fe-53b7d1b1c4da"")>"
213,"<selenium.webdriver.remote.webelement.WebElement (session=""c8342d4500cdf9f1d1e4e2ac266923c1"", element=""b81fecd4-cc43-49f4-bb14-9acbec1c1746"")>"
214,"<selenium.webdriver.remote.webelement.WebElement (session=""c8342d4500cdf9f1d1e4e2ac266923c1"", element=""48894a6e-22cb-4d11-9366-8633b1a53504"")>"
215,"<selenium.webdriver.remote.webelement.WebElement (session=""c8342d4500cdf9f1d1e4e2ac266923c1"", element=""076d1a92-d072-46d1-a84f-450c1485357e"")>"
216,"<selenium.webdriver.remote.webelement.WebElement (session=""c8342d4500cdf9f1d1e4e2ac266923c1"", element=""8ef7462b-aa85-45c7-9f22-115f9da4aabf"")>"
217,"<selenium.webdriver.remote.webelement.WebElement (session=""c8342d4500cdf9f1d1e4e2ac266923c1"", element=""5d73169f-ccbf-4056-989c-415049fbb099"")>"
218,"<selenium.webdriver.remote.webelement.WebElement (session=""c8342d4500cdf9f1d1e4e2ac266923c1"", element=""22d5d3c8-7ad7-4fc1-b0f2-98e4d6c7bf74"")>"
219,"<selenium.webdriver.remote.webelement.WebElement (session=""c8342d4500cdf9f1d1e4e2ac266923c1"", element=""529784b7-f750-485d-b445-a00623dd6afb"")>"
220,"<selenium.webdriver.remote.webelement.WebElement (session=""c8342d4500cdf9f1d1e4e2ac266923c1"", element=""3cb1535f-9fe3-4d7a-8607-42d6d7c40135"")>"
221,"<selenium.webdriver.remote.webelement.WebElement (session=""c8342d4500cdf9f1d1e4e2ac266923c1"", element=""4ede63c8-6fe7-4b1b-9a75-663aa799a59a"")>"
222,"<selenium.webdriver.remote.webelement.WebElement (session=""c8342d4500cdf9f1d1e4e2ac266923c1"", element=""d3ed5c6a-9f95-41bf-901c-3ed15a2dee4a"")>"
223,"<selenium.webdriver.remote.webelement.WebElement (session=""c8342d4500cdf9f1d1e4e2ac266923c1"", element=""55f660bc-a478-44b9-92bf-f94785655f1d"")>"
224,"<selenium.webdriver.remote.webelement.WebElement (session=""c8342d4500cdf9f1d1e4e2ac266923c1"", element=""5b7dc21c-3fbf-40f7-a441-aeac4fd0c2c1"")>"
225,"<selenium.webdriver.remote.webelement.WebElement (session=""c8342d4500cdf9f1d1e4e2ac266923c1"", element=""ede4e074-894e-4269-b6a7-8d76a96c14fa"")>"
226,"<selenium.webdriver.remote.webelement.WebElement (session=""c8342d4500cdf9f1d1e4e2ac266923c1"", element=""c0093266-3e67-456f-a5a0-35f7df2d86ff"")>"
227,"<selenium.webdriver.remote.webelement.WebElement (session=""c8342d4500cdf9f1d1e4e2ac266923c1"", element=""614544d2-e008-4627-b7b8-586c861dff35"")>"
228,"<selenium.webdriver.remote.webelement.WebElement (session=""c8342d4500cdf9f1d1e4e2ac266923c1"", element=""de3f8a28-2d64-497f-b1a2-f243c13d25c4"")>"
229,"<selenium.webdriver.remote.webelement.WebElement (session=""c8342d4500cdf9f1d1e4e2ac266923c1"", element=""8f3be8da-5b16-4e5c-9048-6651f2c565eb"")>"
230,"<selenium.webdriver.remote.webelement.WebElement (session=""c8342d4500cdf9f1d1e4e2ac266923c1"", element=""f751153a-6123-4c3c-8d0d-b74e369f7442"")>"
231,"<selenium.webdriver.remote.webelement.WebElement (session=""c8342d4500cdf9f1d1e4e2ac266923c1"", element=""86a2d82b-5d2c-4e85-87e4-ca9a154f6b53"")>"
232,"<selenium.webdriver.remote.webelement.WebElement (session=""c8342d4500cdf9f1d1e4e2ac266923c1"", element=""a41e5002-e371-4b99-94da-4139374aa9cf"")>"
233,"<selenium.webdriver.remote.webelement.WebElement (session=""c8342d4500cdf9f1d1e4e2ac266923c1"", element=""83c89617-0296-4c61-b267-bf78038cba33"")>"
234,"<selenium.webdriver.remote.webelement.WebElement (session=""c8342d4500cdf9f1d1e4e2ac266923c1"", element=""6af3234b-e010-4fa2-bd53-6db3bceb4d9f"")>"
235,"<selenium.webdriver.remote.webelement.WebElement (session=""c8342d4500cdf9f1d1e4e2ac266923c1"", element=""f74aa39a-aea2-416e-a9db-a1e6032b8055"")>"
236,"<selenium.webdriver.remote.webelement.WebElement (session=""c8342d4500cdf9f1d1e4e2ac266923c1"", element=""88178c31-08ba-41ec-8d2f-bddfe235e69b"")>"
237,"<selenium.webdriver.remote.webelement.WebElement (session=""c8342d4500cdf9f1d1e4e2ac266923c1"", element=""545980f0-6c25-498b-a2d2-a8c72ec5e110"")>"
238,"<selenium.webdriver.remote.webelement.WebElement (session=""c8342d4500cdf9f1d1e4e2ac266923c1"", element=""6546e4d2-f2f5-42af-a780-ec1f8c607d59"")>"
239,"<selenium.webdriver.remote.webelement.WebElement (session=""c8342d4500cdf9f1d1e4e2ac266923c1"", element=""305cd195-3257-4864-817b-0017d4418c83"")>"
240,"<selenium.webdriver.remote.webelement.WebElement (session=""c8342d4500cdf9f1d1e4e2ac266923c1"", element=""ab16e9ed-a349-4cbb-b590-e18e1d0a2825"")>"
241,"<selenium.webdriver.remote.webelement.WebElement (session=""c8342d4500cdf9f1d1e4e2ac266923c1"", element=""614feca0-16ef-4f35-a475-f414b4a0f474"")>"
242,"<selenium.webdriver.remote.webelement.WebElement (session=""c8342d4500cdf9f1d1e4e2ac266923c1"", element=""f2e1abf8-697e-4004-8068-6b246a632f71"")>"
243,"<selenium.webdriver.remote.webelement.WebElement (session=""c8342d4500cdf9f1d1e4e2ac266923c1"", element=""6fbfb656-dc3a-4f05-96ee-0764554b1e96"")>"
244,"<selenium.webdriver.remote.webelement.WebElement (session=""c8342d4500cdf9f1d1e4e2ac266923c1"", element=""62ce658a-3b3d-4f03-bf8e-298a946ae8a4"")>"
245,"<selenium.webdriver.remote.webelement.WebElement (session=""c8342d4500cdf9f1d1e4e2ac266923c1"", element=""cf03dedd-2c23-4a22-80ce-6c7e3683f73d"")>"
246,"<selenium.webdriver.remote.webelement.WebElement (session=""c8342d4500cdf9f1d1e4e2ac266923c1"", element=""f51c82d7-19df-4bbe-8adf-5913011e1e87"")>"
247,"<selenium.webdriver.remote.webelement.WebElement (session=""c8342d4500cdf9f1d1e4e2ac266923c1"", element=""1307050c-8cbe-4e2f-ba18-1d04d87a0cd5"")>"
248,"<selenium.webdriver.remote.webelement.WebElement (session=""c8342d4500cdf9f1d1e4e2ac266923c1"", element=""3de52534-c1be-4007-ab01-3ffb2b784176"")>"
249,"<selenium.webdriver.remote.webelement.WebElement (session=""c8342d4500cdf9f1d1e4e2ac266923c1"", element=""3ee5d267-ab0f-4838-a66b-77abc8130bbd"")>"
250,"<selenium.webdriver.remote.webelement.WebElement (session=""c8342d4500cdf9f1d1e4e2ac266923c1"", element=""a5cb0e9c-bf8b-4a95-a101-6ec110636f0a"")>"
251,"<selenium.webdriver.remote.webelement.WebElement (session=""c8342d4500cdf9f1d1e4e2ac266923c1"", element=""157d6a7a-cfb1-4909-b527-de54cc678ffd"")>"
252,"<selenium.webdriver.remote.webelement.WebElement (session=""c8342d4500cdf9f1d1e4e2ac266923c1"", element=""c7a97ad4-d9d5-48cd-b311-01c990885512"")>"
253,"<selenium.webdriver.remote.webelement.WebElement (session=""c8342d4500cdf9f1d1e4e2ac266923c1"", element=""7eccc0f1-2340-4288-b908-23fcd6601078"")>"
254,"<selenium.webdriver.remote.webelement.WebElement (session=""c8342d4500cdf9f1d1e4e2ac266923c1"", element=""cce1d931-fb90-4f9a-9284-601c822f6800"")>"
255,"<selenium.webdriver.remote.webelement.WebElement (session=""c8342d4500cdf9f1d1e4e2ac266923c1"", element=""ed06d8ac-6a25-4b13-9636-2c51f6e8b0d1"")>"
256,"<selenium.webdriver.remote.webelement.WebElement (session=""c8342d4500cdf9f1d1e4e2ac266923c1"", element=""8e7fc7ea-9e77-4bdb-a894-787f00c89780"")>"
257,"<selenium.webdriver.remote.webelement.WebElement (session=""c8342d4500cdf9f1d1e4e2ac266923c1"", element=""29c50fac-eeb8-4565-a1c2-f5e1a75a01d8"")>"
258,"<selenium.webdriver.remote.webelement.WebElement (session=""c8342d4500cdf9f1d1e4e2ac266923c1"", element=""346a7e4c-d139-45b7-ae36-eb1e3cfde759"")>"
259,"<selenium.webdriver.remote.webelement.WebElement (session=""c8342d4500cdf9f1d1e4e2ac266923c1"", element=""af7d72f9-8523-400e-9687-b852be8e2d81"")>"
260,"<selenium.webdriver.remote.webelement.WebElement (session=""c8342d4500cdf9f1d1e4e2ac266923c1"", element=""6be5feed-f27c-45ea-a81d-d91c98632459"")>"
261,"<selenium.webdriver.remote.webelement.WebElement (session=""c8342d4500cdf9f1d1e4e2ac266923c1"", element=""8632c07b-5f64-4302-b4e9-5c320edbe227"")>"
262,"<selenium.webdriver.remote.webelement.WebElement (session=""c8342d4500cdf9f1d1e4e2ac266923c1"", element=""8e2412ba-8075-4d54-82c5-e492dc10e307"")>"
263,"<selenium.webdriver.remote.webelement.WebElement (session=""c8342d4500cdf9f1d1e4e2ac266923c1"", element=""4e7f51ac-e4fa-464d-be42-045ff7a2614c"")>"
264,"<selenium.webdriver.remote.webelement.WebElement (session=""c8342d4500cdf9f1d1e4e2ac266923c1"", element=""efcdc58e-2fa8-4f68-819b-f6d6d926d05b"")>"
265,"<selenium.webdriver.remote.webelement.WebElement (session=""c8342d4500cdf9f1d1e4e2ac266923c1"", element=""c424dd47-357b-4c01-bf72-05dc1fe29c59"")>"
266,"<selenium.webdriver.remote.webelement.WebElement (session=""c8342d4500cdf9f1d1e4e2ac266923c1"", element=""1fdb4430-0eb2-4c9e-8aa2-1593d4779698"")>"
267,"<selenium.webdriver.remote.webelement.WebElement (session=""c8342d4500cdf9f1d1e4e2ac266923c1"", element=""8bc913e9-a004-43e3-961a-7f6c96ba76df"")>"
268,"<selenium.webdriver.remote.webelement.WebElement (session=""c8342d4500cdf9f1d1e4e2ac266923c1"", element=""d082cb0d-8572-4615-a8d5-0f46572f95fc"")>"
269,"<selenium.webdriver.remote.webelement.WebElement (session=""c8342d4500cdf9f1d1e4e2ac266923c1"", element=""bdabb597-73fd-426a-ac66-64bbf38bd980"")>"
270,"<selenium.webdriver.remote.webelement.WebElement (session=""c8342d4500cdf9f1d1e4e2ac266923c1"", element=""3beece7e-455a-4de6-ba81-8a98febe920b"")>"
271,"<selenium.webdriver.remote.webelement.WebElement (session=""c8342d4500cdf9f1d1e4e2ac266923c1"", element=""190f616c-3451-478c-9b1a-a40f44e538fb"")>"
272,"<selenium.webdriver.remote.webelement.WebElement (session=""c8342d4500cdf9f1d1e4e2ac266923c1"", element=""efe06b9b-5115-4864-ab29-220afb3359b6"")>"
273,"<selenium.webdriver.remote.webelement.WebElement (session=""c8342d4500cdf9f1d1e4e2ac266923c1"", element=""ce02a3ae-ddfc-469e-a49d-a0f71c8700b8"")>"
274,"<selenium.webdriver.remote.webelement.WebElement (session=""c8342d4500cdf9f1d1e4e2ac266923c1"", element=""fa77be98-50a5-4202-90a1-6919b02697a1"")>"
275,"<selenium.webdriver.remote.webelement.WebElement (session=""c8342d4500cdf9f1d1e4e2ac266923c1"", element=""29346ddb-ed8a-4a17-952e-89731f4a531b"")>"
276,"<selenium.webdriver.remote.webelement.WebElement (session=""c8342d4500cdf9f1d1e4e2ac266923c1"", element=""99382e09-f8dc-4080-a52c-61c514b84774"")>"
277,"<selenium.webdriver.remote.webelement.WebElement (session=""c8342d4500cdf9f1d1e4e2ac266923c1"", element=""32687249-c897-4a0a-9631-b7f98c8d8c95"")>"
278,"<selenium.webdriver.remote.webelement.WebElement (session=""c8342d4500cdf9f1d1e4e2ac266923c1"", element=""5b1fa526-364a-4bc9-9a3d-4041bdd4000d"")>"
279,"<selenium.webdriver.remote.webelement.WebElement (session=""c8342d4500cdf9f1d1e4e2ac266923c1"", element=""fd6a3a6a-992b-4dc7-934f-1385ec063c3a"")>"
280,"<selenium.webdriver.remote.webelement.WebElement (session=""c8342d4500cdf9f1d1e4e2ac266923c1"", element=""6763a138-dc3f-45a0-90b8-17302693f039"")>"
281,"<selenium.webdriver.remote.webelement.WebElement (session=""c8342d4500cdf9f1d1e4e2ac266923c1"", element=""04ed861c-fd56-4769-adb7-9419e1190032"")>"
282,"<selenium.webdriver.remote.webelement.WebElement (session=""c8342d4500cdf9f1d1e4e2ac266923c1"", element=""d4265350-60a7-4d8a-9f42-78760aaf5e09"")>"
283,"<selenium.webdriver.remote.webelement.WebElement (session=""c8342d4500cdf9f1d1e4e2ac266923c1"", element=""6e12067d-f068-4120-9434-061cb3325e6d"")>"
284,"<selenium.webdriver.remote.webelement.WebElement (session=""c8342d4500cdf9f1d1e4e2ac266923c1"", element=""9df50f7e-6452-49a6-9b3f-a4ce819fa9c8"")>"
285,"<selenium.webdriver.remote.webelement.WebElement (session=""c8342d4500cdf9f1d1e4e2ac266923c1"", element=""598cb97a-5f92-4ec5-b166-5b74ea19264b"")>"
286,"<selenium.webdriver.remote.webelement.WebElement (session=""c8342d4500cdf9f1d1e4e2ac266923c1"", element=""cb962eac-177f-4073-a247-fe945353dc99"")>"
287,"<selenium.webdriver.remote.webelement.WebElement (session=""c8342d4500cdf9f1d1e4e2ac266923c1"", element=""bc46ebac-75d0-4a81-9ef9-75c5aba1c095"")>"
288,"<selenium.webdriver.remote.webelement.WebElement (session=""c8342d4500cdf9f1d1e4e2ac266923c1"", element=""90b12f27-9d0f-48a2-a4f4-c5b2f505da65"")>"
289,"<selenium.webdriver.remote.webelement.WebElement (session=""c8342d4500cdf9f1d1e4e2ac266923c1"", element=""f3fd72e8-b666-4f50-9e0f-fc2a2e610c26"")>"
290,"<selenium.webdriver.remote.webelement.WebElement (session=""c8342d4500cdf9f1d1e4e2ac266923c1"", element=""aeba457d-7872-4d93-a15d-7e6de230d007"")>"
291,"<selenium.webdriver.remote.webelement.WebElement (session=""c8342d4500cdf9f1d1e4e2ac266923c1"", element=""f987ed20-4498-4819-b73a-435053804348"")>"
292,"<selenium.webdriver.remote.webelement.WebElement (session=""c8342d4500cdf9f1d1e4e2ac266923c1"", element=""81fdc1c9-c968-49a9-96db-8b44ee1b74e4"")>"
293,"<selenium.webdriver.remote.webelement.WebElement (session=""c8342d4500cdf9f1d1e4e2ac266923c1"", element=""cdf441ef-e980-4c32-82b7-b2c14a506065"")>"
294,"<selenium.webdriver.remote.webelement.WebElement (session=""c8342d4500cdf9f1d1e4e2ac266923c1"", element=""a803e1ea-70cb-4f59-bc93-26890c5256cd"")>"
295,"<selenium.webdriver.remote.webelement.WebElement (session=""c8342d4500cdf9f1d1e4e2ac266923c1"", element=""a906a6e4-2413-4e14-a49f-d66b96cd7b9e"")>"
296,"<selenium.webdriver.remote.webelement.WebElement (session=""c8342d4500cdf9f1d1e4e2ac266923c1"", element=""0e956730-a139-4be0-b885-3c1c769fead2"")>"
297,"<selenium.webdriver.remote.webelement.WebElement (session=""c8342d4500cdf9f1d1e4e2ac266923c1"", element=""98068329-7128-4247-8155-0d7f19b393a6"")>"
298,"<selenium.webdriver.remote.webelement.WebElement (session=""c8342d4500cdf9f1d1e4e2ac266923c1"", element=""4f45bc94-eb65-4711-99c5-e3a84b9231f5"")>"
299,"<selenium.webdriver.remote.webelement.WebElement (session=""c8342d4500cdf9f1d1e4e2ac266923c1"", element=""935cf8dc-d17b-4b79-a1ae-05fadf380c48"")>"
300,"<selenium.webdriver.remote.webelement.WebElement (session=""c8342d4500cdf9f1d1e4e2ac266923c1"", element=""8cf6101f-e5b4-49be-b8ca-61a2a4055991"")>"
301,"<selenium.webdriver.remote.webelement.WebElement (session=""c8342d4500cdf9f1d1e4e2ac266923c1"", element=""50b10bd0-e39a-49e0-a528-43962d4432ee"")>"
302,"<selenium.webdriver.remote.webelement.WebElement (session=""c8342d4500cdf9f1d1e4e2ac266923c1"", element=""fa13ee32-6a87-430c-88e9-dbf54f141583"")>"
303,"<selenium.webdriver.remote.webelement.WebElement (session=""c8342d4500cdf9f1d1e4e2ac266923c1"", element=""ddc6c4a5-f570-4667-a8bb-9fb1ff331773"")>"
304,"<selenium.webdriver.remote.webelement.WebElement (session=""c8342d4500cdf9f1d1e4e2ac266923c1"", element=""8a34ca06-2132-4253-b49d-a07091482ada"")>"
305,"<selenium.webdriver.remote.webelement.WebElement (session=""c8342d4500cdf9f1d1e4e2ac266923c1"", element=""16ae1716-26fe-4e11-9f30-bfa703256dd0"")>"
306,"<selenium.webdriver.remote.webelement.WebElement (session=""c8342d4500cdf9f1d1e4e2ac266923c1"", element=""7ed5935f-9abe-430f-88e2-636549b1b504"")>"
307,"<selenium.webdriver.remote.webelement.WebElement (session=""c8342d4500cdf9f1d1e4e2ac266923c1"", element=""046d6799-dd79-45c2-a74d-4890917f2821"")>"
308,"<selenium.webdriver.remote.webelement.WebElement (session=""c8342d4500cdf9f1d1e4e2ac266923c1"", element=""2f5a042d-144b-4ff9-802b-1c0e50a2b157"")>"
309,"<selenium.webdriver.remote.webelement.WebElement (session=""c8342d4500cdf9f1d1e4e2ac266923c1"", element=""1208b072-66be-4d06-8cd6-63f5381ba762"")>"
310,"<selenium.webdriver.remote.webelement.WebElement (session=""c8342d4500cdf9f1d1e4e2ac266923c1"", element=""ae444660-7bec-461b-8ae9-face5df95cff"")>"
311,"<selenium.webdriver.remote.webelement.WebElement (session=""c8342d4500cdf9f1d1e4e2ac266923c1"", element=""adf6898a-05c2-42b6-abc4-124554e46bc6"")>"
312,"<selenium.webdriver.remote.webelement.WebElement (session=""c8342d4500cdf9f1d1e4e2ac266923c1"", element=""67fbfd41-95e7-452c-b643-620f500ce8dd"")>"
313,"<selenium.webdriver.remote.webelement.WebElement (session=""c8342d4500cdf9f1d1e4e2ac266923c1"", element=""00532793-ad0f-43e7-8cdb-10469e99f434"")>"
314,"<selenium.webdriver.remote.webelement.WebElement (session=""c8342d4500cdf9f1d1e4e2ac266923c1"", element=""c305ec0b-d4e5-4b82-921d-373fc54236da"")>"
315,"<selenium.webdriver.remote.webelement.WebElement (session=""c8342d4500cdf9f1d1e4e2ac266923c1"", element=""7350c1b5-a351-4b49-9149-18e038fafad7"")>"
316,"<selenium.webdriver.remote.webelement.WebElement (session=""c8342d4500cdf9f1d1e4e2ac266923c1"", element=""6f2b0719-f6d3-4fc1-877e-1c1cae821f18"")>"
317,"<selenium.webdriver.remote.webelement.WebElement (session=""c8342d4500cdf9f1d1e4e2ac266923c1"", element=""7c1108fb-6c6e-4877-a80f-43f5590ab93b"")>"
318,"<selenium.webdriver.remote.webelement.WebElement (session=""c8342d4500cdf9f1d1e4e2ac266923c1"", element=""b2be0f24-7667-48b9-aa7b-349439bfc276"")>"
319,"<selenium.webdriver.remote.webelement.WebElement (session=""c8342d4500cdf9f1d1e4e2ac266923c1"", element=""c670d5be-255d-47c5-8111-0bf4d1e09b7c"")>"
320,"<selenium.webdriver.remote.webelement.WebElement (session=""c8342d4500cdf9f1d1e4e2ac266923c1"", element=""f37df37c-0279-4fa2-afcf-f3557d3a7b02"")>"
321,"<selenium.webdriver.remote.webelement.WebElement (session=""c8342d4500cdf9f1d1e4e2ac266923c1"", element=""9926c229-37a2-4ad5-bc48-f58692b9943a"")>"
322,"<selenium.webdriver.remote.webelement.WebElement (session=""c8342d4500cdf9f1d1e4e2ac266923c1"", element=""881ea9c7-dac3-4c89-ac0c-df919801f315"")>"
323,"<selenium.webdriver.remote.webelement.WebElement (session=""c8342d4500cdf9f1d1e4e2ac266923c1"", element=""1a637178-74cc-45f4-a449-4b763c28a998"")>"
324,"<selenium.webdriver.remote.webelement.WebElement (session=""c8342d4500cdf9f1d1e4e2ac266923c1"", element=""53860aad-f49f-46dd-ab13-fa4c14911337"")>"
325,"<selenium.webdriver.remote.webelement.WebElement (session=""c8342d4500cdf9f1d1e4e2ac266923c1"", element=""57008b2d-2c20-421e-8ce4-c43d39ffb6cb"")>"
326,"<selenium.webdriver.remote.webelement.WebElement (session=""c8342d4500cdf9f1d1e4e2ac266923c1"", element=""dab529d4-d96d-4ec1-884a-fdb5fd2a91c4"")>"
327,"<selenium.webdriver.remote.webelement.WebElement (session=""c8342d4500cdf9f1d1e4e2ac266923c1"", element=""ab6921c3-8821-4dd3-8f08-853e9e4af91c"")>"
328,"<selenium.webdriver.remote.webelement.WebElement (session=""c8342d4500cdf9f1d1e4e2ac266923c1"", element=""775b2224-27f0-4ee1-b8a5-315e5d2c7ebe"")>"
329,"<selenium.webdriver.remote.webelement.WebElement (session=""c8342d4500cdf9f1d1e4e2ac266923c1"", element=""78cef47c-29a6-4948-b1dd-b4702e86d478"")>"
330,"<selenium.webdriver.remote.webelement.WebElement (session=""c8342d4500cdf9f1d1e4e2ac266923c1"", element=""34ba2078-a4cc-477b-acd4-a15cbeeeb6c8"")>"
331,"<selenium.webdriver.remote.webelement.WebElement (session=""c8342d4500cdf9f1d1e4e2ac266923c1"", element=""baa7454e-f4ed-4b5e-b15d-86de3b410593"")>"
332,"<selenium.webdriver.remote.webelement.WebElement (session=""c8342d4500cdf9f1d1e4e2ac266923c1"", element=""89a1014b-8d79-41b0-9591-5516722c8366"")>"
333,"<selenium.webdriver.remote.webelement.WebElement (session=""c8342d4500cdf9f1d1e4e2ac266923c1"", element=""e6acfa7e-e13d-4111-bfcd-9779fef52265"")>"
334,"<selenium.webdriver.remote.webelement.WebElement (session=""c8342d4500cdf9f1d1e4e2ac266923c1"", element=""4fa01233-b939-4f13-9f98-7529e8093b3b"")>"
335,"<selenium.webdriver.remote.webelement.WebElement (session=""c8342d4500cdf9f1d1e4e2ac266923c1"", element=""bc787e0e-6d69-4ca0-a7cc-7913c19fb422"")>"
336,"<selenium.webdriver.remote.webelement.WebElement (session=""c8342d4500cdf9f1d1e4e2ac266923c1"", element=""d7b517bb-602d-470c-bf8f-dfd021e58d59"")>"
337,"<selenium.webdriver.remote.webelement.WebElement (session=""c8342d4500cdf9f1d1e4e2ac266923c1"", element=""cf31bce8-d5f8-4e43-af17-55e59bc87ab5"")>"
338,"<selenium.webdriver.remote.webelement.WebElement (session=""c8342d4500cdf9f1d1e4e2ac266923c1"", element=""a43f30a8-0e5b-4775-a716-156f9e045449"")>"
339,"<selenium.webdriver.remote.webelement.WebElement (session=""c8342d4500cdf9f1d1e4e2ac266923c1"", element=""6b22d221-bad8-4aee-aa90-cb4b3984731f"")>"
340,"<selenium.webdriver.remote.webelement.WebElement (session=""c8342d4500cdf9f1d1e4e2ac266923c1"", element=""b10d7cd8-f2cf-41d2-ae28-470894ecba22"")>"
341,"<selenium.webdriver.remote.webelement.WebElement (session=""c8342d4500cdf9f1d1e4e2ac266923c1"", element=""079a4a97-74bd-49e5-b37d-a996a97ff12d"")>"
342,"<selenium.webdriver.remote.webelement.WebElement (session=""c8342d4500cdf9f1d1e4e2ac266923c1"", element=""32eff7c7-0d8f-4554-961d-c2a96a609eb2"")>"
343,"<selenium.webdriver.remote.webelement.WebElement (session=""c8342d4500cdf9f1d1e4e2ac266923c1"", element=""fc86a13b-5357-4d42-bc01-e1e8eb4791b6"")>"
344,"<selenium.webdriver.remote.webelement.WebElement (session=""c8342d4500cdf9f1d1e4e2ac266923c1"", element=""c9a15e6a-ca69-448b-8ba6-17fa222e311f"")>"
345,"<selenium.webdriver.remote.webelement.WebElement (session=""c8342d4500cdf9f1d1e4e2ac266923c1"", element=""3559a25f-682b-41fe-943a-1dc60528d633"")>"
346,"<selenium.webdriver.remote.webelement.WebElement (session=""c8342d4500cdf9f1d1e4e2ac266923c1"", element=""cc9a4987-de06-4902-8677-5ac1664a9022"")>"
347,"<selenium.webdriver.remote.webelement.WebElement (session=""c8342d4500cdf9f1d1e4e2ac266923c1"", element=""3881a4fc-1bc3-4a6c-a686-fec22247369e"")>"
348,"<selenium.webdriver.remote.webelement.WebElement (session=""c8342d4500cdf9f1d1e4e2ac266923c1"", element=""aee0ab78-ad13-448c-b85f-ade042ffff21"")>"
349,"<selenium.webdriver.remote.webelement.WebElement (session=""c8342d4500cdf9f1d1e4e2ac266923c1"", element=""e560b32e-f981-4de0-a61b-d6ddbc732957"")>"
350,"<selenium.webdriver.remote.webelement.WebElement (session=""c8342d4500cdf9f1d1e4e2ac266923c1"", element=""1e1e8517-2136-43f3-b2d8-28f92cbbda72"")>"
351,"<selenium.webdriver.remote.webelement.WebElement (session=""c8342d4500cdf9f1d1e4e2ac266923c1"", element=""4d37abb8-bb38-48a2-86bd-77f45ebce11d"")>"
352,"<selenium.webdriver.remote.webelement.WebElement (session=""c8342d4500cdf9f1d1e4e2ac266923c1"", element=""5e5b2d92-240b-4b1b-9b72-3b462a91c6fa"")>"
353,"<selenium.webdriver.remote.webelement.WebElement (session=""c8342d4500cdf9f1d1e4e2ac266923c1"", element=""af9f511f-1d73-4270-9c76-4725b22a862e"")>"
354,"<selenium.webdriver.remote.webelement.WebElement (session=""c8342d4500cdf9f1d1e4e2ac266923c1"", element=""249c7690-f9ac-44a2-b65a-c246b0d115c5"")>"
355,"<selenium.webdriver.remote.webelement.WebElement (session=""c8342d4500cdf9f1d1e4e2ac266923c1"", element=""e09066fb-e9da-44ba-88e0-a2377368f184"")>"
356,"<selenium.webdriver.remote.webelement.WebElement (session=""c8342d4500cdf9f1d1e4e2ac266923c1"", element=""8b00bcda-0c2e-4008-8513-c5bb5195b58a"")>"
357,"<selenium.webdriver.remote.webelement.WebElement (session=""c8342d4500cdf9f1d1e4e2ac266923c1"", element=""674a83ec-f484-4595-8690-0f5a0d3ac3a1"")>"
358,"<selenium.webdriver.remote.webelement.WebElement (session=""c8342d4500cdf9f1d1e4e2ac266923c1"", element=""73b88a46-6189-4724-9d30-f77dae44de79"")>"
359,"<selenium.webdriver.remote.webelement.WebElement (session=""c8342d4500cdf9f1d1e4e2ac266923c1"", element=""2784555e-053b-4602-b12a-886e0d952d81"")>"
360,"<selenium.webdriver.remote.webelement.WebElement (session=""c8342d4500cdf9f1d1e4e2ac266923c1"", element=""dbe71167-3eb6-4993-8889-a1b78d2d182f"")>"
361,"<selenium.webdriver.remote.webelement.WebElement (session=""c8342d4500cdf9f1d1e4e2ac266923c1"", element=""49b1f6c0-fb17-4695-aad2-45631b44f0fd"")>"
362,"<selenium.webdriver.remote.webelement.WebElement (session=""c8342d4500cdf9f1d1e4e2ac266923c1"", element=""6ef86697-dc32-45d4-8626-0f257caef9d7"")>"
363,"<selenium.webdriver.remote.webelement.WebElement (session=""c8342d4500cdf9f1d1e4e2ac266923c1"", element=""7619932d-b395-49ea-99f5-56c86810b85c"")>"
364,"<selenium.webdriver.remote.webelement.WebElement (session=""c8342d4500cdf9f1d1e4e2ac266923c1"", element=""7835775f-9f12-46bd-bb88-764a686f141c"")>"
365,"<selenium.webdriver.remote.webelement.WebElement (session=""c8342d4500cdf9f1d1e4e2ac266923c1"", element=""f34f2d01-094f-4688-a1c1-1a318dbb9034"")>"
366,"<selenium.webdriver.remote.webelement.WebElement (session=""c8342d4500cdf9f1d1e4e2ac266923c1"", element=""2ae0161c-7c03-42d7-b498-4e943b325b03"")>"
367,"<selenium.webdriver.remote.webelement.WebElement (session=""c8342d4500cdf9f1d1e4e2ac266923c1"", element=""c05124e2-92ae-4e1e-b190-c093090abc1d"")>"
368,"<selenium.webdriver.remote.webelement.WebElement (session=""c8342d4500cdf9f1d1e4e2ac266923c1"", element=""cd1153cd-973f-4fab-831e-7a4b675519a4"")>"
369,"<selenium.webdriver.remote.webelement.WebElement (session=""c8342d4500cdf9f1d1e4e2ac266923c1"", element=""20d2c6e0-8984-4f39-b550-ed8e647cf228"")>"
370,"<selenium.webdriver.remote.webelement.WebElement (session=""c8342d4500cdf9f1d1e4e2ac266923c1"", element=""76790acd-305c-40f3-9cf8-2ddcb8611d93"")>"
371,"<selenium.webdriver.remote.webelement.WebElement (session=""c8342d4500cdf9f1d1e4e2ac266923c1"", element=""c31a9d90-9eea-4988-9998-4e228e877592"")>"
372,"<selenium.webdriver.remote.webelement.WebElement (session=""c8342d4500cdf9f1d1e4e2ac266923c1"", element=""fcb4e445-a887-4ab6-ac62-5f66c89e6e94"")>"
373,"<selenium.webdriver.remote.webelement.WebElement (session=""c8342d4500cdf9f1d1e4e2ac266923c1"", element=""f1abc0fc-f61d-46b2-a55b-334d44d5d1be"")>"
374,"<selenium.webdriver.remote.webelement.WebElement (session=""c8342d4500cdf9f1d1e4e2ac266923c1"", element=""0b8c677a-4c11-4ac4-85aa-0b27d63006b8"")>"
375,"<selenium.webdriver.remote.webelement.WebElement (session=""c8342d4500cdf9f1d1e4e2ac266923c1"", element=""cbec726c-acb0-46da-bee4-dceffc3e71e3"")>"
376,"<selenium.webdriver.remote.webelement.WebElement (session=""c8342d4500cdf9f1d1e4e2ac266923c1"", element=""c8c1d808-af2e-46e7-afed-41955e73ea5e"")>"
377,"<selenium.webdriver.remote.webelement.WebElement (session=""c8342d4500cdf9f1d1e4e2ac266923c1"", element=""68234186-b9c8-4041-9b80-01775701a47e"")>"
378,"<selenium.webdriver.remote.webelement.WebElement (session=""c8342d4500cdf9f1d1e4e2ac266923c1"", element=""d5ab94ac-fded-4fbc-bc66-1428cd59b1cf"")>"
379,"<selenium.webdriver.remote.webelement.WebElement (session=""c8342d4500cdf9f1d1e4e2ac266923c1"", element=""573cf63e-d7c3-497f-981a-8db36f9170df"")>"
380,"<selenium.webdriver.remote.webelement.WebElement (session=""c8342d4500cdf9f1d1e4e2ac266923c1"", element=""599405e4-c631-48dc-a80e-8553f37e4432"")>"
381,"<selenium.webdriver.remote.webelement.WebElement (session=""c8342d4500cdf9f1d1e4e2ac266923c1"", element=""aaef5da7-acb1-423d-8a91-af1e5a0a7474"")>"
382,"<selenium.webdriver.remote.webelement.WebElement (session=""c8342d4500cdf9f1d1e4e2ac266923c1"", element=""629efa50-c0d2-4aca-9794-5c41b561c5fa"")>"
383,"<selenium.webdriver.remote.webelement.WebElement (session=""c8342d4500cdf9f1d1e4e2ac266923c1"", element=""39175c5a-312a-4e5e-994a-f68db6c6dc21"")>"
384,"<selenium.webdriver.remote.webelement.WebElement (session=""c8342d4500cdf9f1d1e4e2ac266923c1"", element=""3663847e-527d-4437-bc05-31ddadffe597"")>"
385,"<selenium.webdriver.remote.webelement.WebElement (session=""c8342d4500cdf9f1d1e4e2ac266923c1"", element=""24d8f3ee-7d10-4e19-bda8-38451dded5c3"")>"
386,"<selenium.webdriver.remote.webelement.WebElement (session=""c8342d4500cdf9f1d1e4e2ac266923c1"", element=""e24517b0-954d-4c3e-a552-4f600a3bc9d8"")>"
387,"<selenium.webdriver.remote.webelement.WebElement (session=""c8342d4500cdf9f1d1e4e2ac266923c1"", element=""ed453df3-ce78-4d69-b083-ca85dadf5f92"")>"
388,"<selenium.webdriver.remote.webelement.WebElement (session=""c8342d4500cdf9f1d1e4e2ac266923c1"", element=""9837031d-6b76-47cc-b425-2cf96b03e0e9"")>"
389,"<selenium.webdriver.remote.webelement.WebElement (session=""c8342d4500cdf9f1d1e4e2ac266923c1"", element=""d95373fe-d374-489d-811d-4e3ac33cd847"")>"
390,"<selenium.webdriver.remote.webelement.WebElement (session=""c8342d4500cdf9f1d1e4e2ac266923c1"", element=""fcf17238-278e-4d7d-adbb-d538b3b9edf3"")>"
391,"<selenium.webdriver.remote.webelement.WebElement (session=""c8342d4500cdf9f1d1e4e2ac266923c1"", element=""c635b7bf-fc01-4cb7-bcd5-56494e40f813"")>"
392,"<selenium.webdriver.remote.webelement.WebElement (session=""c8342d4500cdf9f1d1e4e2ac266923c1"", element=""9244ef6a-da46-4b7e-ac6d-2d10d759f4ed"")>"
393,"<selenium.webdriver.remote.webelement.WebElement (session=""c8342d4500cdf9f1d1e4e2ac266923c1"", element=""abd194a2-c50a-44d6-9bd4-119213e17fde"")>"
394,"<selenium.webdriver.remote.webelement.WebElement (session=""c8342d4500cdf9f1d1e4e2ac266923c1"", element=""472f7f0f-342d-4afd-82cc-ca4d5f451df4"")>"
395,"<selenium.webdriver.remote.webelement.WebElement (session=""c8342d4500cdf9f1d1e4e2ac266923c1"", element=""b137cc56-8659-4404-b5c4-cc830277b6cd"")>"
396,"<selenium.webdriver.remote.webelement.WebElement (session=""c8342d4500cdf9f1d1e4e2ac266923c1"", element=""3f7fb060-4205-484d-8d95-fcaa2f654550"")>"
397,"<selenium.webdriver.remote.webelement.WebElement (session=""c8342d4500cdf9f1d1e4e2ac266923c1"", element=""126e25d6-9261-493e-888b-ae3174077a12"")>"
398,"<selenium.webdriver.remote.webelement.WebElement (session=""c8342d4500cdf9f1d1e4e2ac266923c1"", element=""bc61a7b8-1200-4949-86c1-18e083b43e62"")>"
399,"<selenium.webdriver.remote.webelement.WebElement (session=""c8342d4500cdf9f1d1e4e2ac266923c1"", element=""9d6c1cfb-1d2e-49a7-8518-0ceee46a1716"")>"
400,"<selenium.webdriver.remote.webelement.WebElement (session=""c8342d4500cdf9f1d1e4e2ac266923c1"", element=""da0ea808-8b75-4a77-8e35-02c6397b49b3"")>"
401,"<selenium.webdriver.remote.webelement.WebElement (session=""c8342d4500cdf9f1d1e4e2ac266923c1"", element=""1cdab99b-6a24-499b-926c-d287a1a79a6f"")>"
402,"<selenium.webdriver.remote.webelement.WebElement (session=""c8342d4500cdf9f1d1e4e2ac266923c1"", element=""f71ed324-2f28-4ecc-a414-64928889721e"")>"
403,"<selenium.webdriver.remote.webelement.WebElement (session=""c8342d4500cdf9f1d1e4e2ac266923c1"", element=""e3e6711d-4475-4692-afcf-6b6ddee5da5c"")>"
404,"<selenium.webdriver.remote.webelement.WebElement (session=""c8342d4500cdf9f1d1e4e2ac266923c1"", element=""41f770f3-349b-40c9-8320-8d750d2c4c24"")>"
405,"<selenium.webdriver.remote.webelement.WebElement (session=""c8342d4500cdf9f1d1e4e2ac266923c1"", element=""1efacd56-e9cf-4c5d-9bf9-18457ba6ad5f"")>"
406,"<selenium.webdriver.remote.webelement.WebElement (session=""c8342d4500cdf9f1d1e4e2ac266923c1"", element=""46701515-8ae0-41b8-ba6c-8c7123b2a8e1"")>"
407,"<selenium.webdriver.remote.webelement.WebElement (session=""c8342d4500cdf9f1d1e4e2ac266923c1"", element=""1d3a2dc0-af08-4c27-a401-ac6b724f9393"")>"
408,"<selenium.webdriver.remote.webelement.WebElement (session=""c8342d4500cdf9f1d1e4e2ac266923c1"", element=""7d0cd9f6-696e-42a0-a92a-585cd4248deb"")>"
409,"<selenium.webdriver.remote.webelement.WebElement (session=""c8342d4500cdf9f1d1e4e2ac266923c1"", element=""2c22d425-c59b-4d0e-a172-afeada7973fd"")>"
410,"<selenium.webdriver.remote.webelement.WebElement (session=""c8342d4500cdf9f1d1e4e2ac266923c1"", element=""2d51341f-f2d0-421f-af75-37ff6ad2b5af"")>"
411,"<selenium.webdriver.remote.webelement.WebElement (session=""c8342d4500cdf9f1d1e4e2ac266923c1"", element=""0734b7e9-801c-430a-9eeb-822bdb1690e0"")>"
412,"<selenium.webdriver.remote.webelement.WebElement (session=""c8342d4500cdf9f1d1e4e2ac266923c1"", element=""2a83f4b4-0128-4e8a-9107-d2e4e3bd4d8d"")>"
413,"<selenium.webdriver.remote.webelement.WebElement (session=""c8342d4500cdf9f1d1e4e2ac266923c1"", element=""92413fb2-8fd3-432d-9458-35d0adc261d5"")>"
414,"<selenium.webdriver.remote.webelement.WebElement (session=""c8342d4500cdf9f1d1e4e2ac266923c1"", element=""773e3175-b2c9-42a9-a66a-684d6cf82652"")>"
415,"<selenium.webdriver.remote.webelement.WebElement (session=""c8342d4500cdf9f1d1e4e2ac266923c1"", element=""0101f347-a415-4952-a14a-95e8997c1106"")>"
416,"<selenium.webdriver.remote.webelement.WebElement (session=""c8342d4500cdf9f1d1e4e2ac266923c1"", element=""c1eb48d5-9f06-4817-a949-a135a2602c7b"")>"
417,"<selenium.webdriver.remote.webelement.WebElement (session=""c8342d4500cdf9f1d1e4e2ac266923c1"", element=""044b1dec-ace0-4713-bcce-7e1750d3f731"")>"
418,"<selenium.webdriver.remote.webelement.WebElement (session=""c8342d4500cdf9f1d1e4e2ac266923c1"", element=""49821c97-6525-46ea-974e-c381c2f428ad"")>"
419,"<selenium.webdriver.remote.webelement.WebElement (session=""c8342d4500cdf9f1d1e4e2ac266923c1"", element=""a22f2ec7-7a6e-4a48-9b3b-ab3d663873d4"")>"
420,"<selenium.webdriver.remote.webelement.WebElement (session=""c8342d4500cdf9f1d1e4e2ac266923c1"", element=""9784ed9c-a388-48ef-aec1-3fa2a0992ceb"")>"
421,"<selenium.webdriver.remote.webelement.WebElement (session=""c8342d4500cdf9f1d1e4e2ac266923c1"", element=""c3a61052-ae44-423c-bc2c-ee5ce6ff41fb"")>"
422,"<selenium.webdriver.remote.webelement.WebElement (session=""c8342d4500cdf9f1d1e4e2ac266923c1"", element=""a9b0aa96-bbec-438b-9350-5147fda8d991"")>"
423,"<selenium.webdriver.remote.webelement.WebElement (session=""c8342d4500cdf9f1d1e4e2ac266923c1"", element=""3199a3fe-2b87-44d0-95c1-38fa4420757a"")>"
424,"<selenium.webdriver.remote.webelement.WebElement (session=""c8342d4500cdf9f1d1e4e2ac266923c1"", element=""9aff458a-26a8-48b5-95f3-d6465785602e"")>"
425,"<selenium.webdriver.remote.webelement.WebElement (session=""c8342d4500cdf9f1d1e4e2ac266923c1"", element=""eddc5634-b6fb-473b-ad1f-75f74fb84a68"")>"
426,"<selenium.webdriver.remote.webelement.WebElement (session=""c8342d4500cdf9f1d1e4e2ac266923c1"", element=""95286bab-3646-4d55-9296-f70382e186f7"")>"
427,"<selenium.webdriver.remote.webelement.WebElement (session=""c8342d4500cdf9f1d1e4e2ac266923c1"", element=""da80c77f-9e23-4099-be4e-273f78a99c09"")>"
428,"<selenium.webdriver.remote.webelement.WebElement (session=""c8342d4500cdf9f1d1e4e2ac266923c1"", element=""ba9caf8e-ddeb-4688-94c9-bc2bd0d806bb"")>"
429,"<selenium.webdriver.remote.webelement.WebElement (session=""c8342d4500cdf9f1d1e4e2ac266923c1"", element=""ba79b2f0-5dc1-4efa-bf68-6105674f258a"")>"
430,"<selenium.webdriver.remote.webelement.WebElement (session=""c8342d4500cdf9f1d1e4e2ac266923c1"", element=""31349075-e6c6-49f1-8035-454b123fcc39"")>"
431,"<selenium.webdriver.remote.webelement.WebElement (session=""c8342d4500cdf9f1d1e4e2ac266923c1"", element=""ffc60822-a395-4128-9d38-3866cc7211de"")>"
432,"<selenium.webdriver.remote.webelement.WebElement (session=""c8342d4500cdf9f1d1e4e2ac266923c1"", element=""8af4acf7-21bb-4f28-82b6-6727e0440ede"")>"
433,"<selenium.webdriver.remote.webelement.WebElement (session=""c8342d4500cdf9f1d1e4e2ac266923c1"", element=""be822cf9-e6ce-4ba5-ac31-dd9f5a3caf33"")>"
434,"<selenium.webdriver.remote.webelement.WebElement (session=""c8342d4500cdf9f1d1e4e2ac266923c1"", element=""36919c47-bdd1-40cc-b130-6cc56e1c5b1c"")>"
435,"<selenium.webdriver.remote.webelement.WebElement (session=""c8342d4500cdf9f1d1e4e2ac266923c1"", element=""3937e993-cd54-4f92-b75f-deaac25d5eed"")>"
436,"<selenium.webdriver.remote.webelement.WebElement (session=""c8342d4500cdf9f1d1e4e2ac266923c1"", element=""4042005e-b2a9-4dc3-b9e3-aeb1fedd665b"")>"
437,"<selenium.webdriver.remote.webelement.WebElement (session=""c8342d4500cdf9f1d1e4e2ac266923c1"", element=""71f91ff3-4e0d-4c1f-933a-153488b46b84"")>"
438,"<selenium.webdriver.remote.webelement.WebElement (session=""c8342d4500cdf9f1d1e4e2ac266923c1"", element=""7e3ac4fc-8276-40fe-8995-fd1856a3a4d9"")>"
439,"<selenium.webdriver.remote.webelement.WebElement (session=""c8342d4500cdf9f1d1e4e2ac266923c1"", element=""8175fd28-36fa-45b0-864f-4b43dcca5431"")>"
440,"<selenium.webdriver.remote.webelement.WebElement (session=""c8342d4500cdf9f1d1e4e2ac266923c1"", element=""35652b68-7af4-459e-9195-83efc9c1a1cb"")>"
441,"<selenium.webdriver.remote.webelement.WebElement (session=""c8342d4500cdf9f1d1e4e2ac266923c1"", element=""1fea99e5-7e90-4c9b-a583-367c2aba3bb6"")>"
442,"<selenium.webdriver.remote.webelement.WebElement (session=""c8342d4500cdf9f1d1e4e2ac266923c1"", element=""80d3041e-c75f-4317-98d7-9417ff97f167"")>"
443,"<selenium.webdriver.remote.webelement.WebElement (session=""c8342d4500cdf9f1d1e4e2ac266923c1"", element=""55d06b13-d72f-4be4-9944-e10c4daf94c9"")>"
444,"<selenium.webdriver.remote.webelement.WebElement (session=""c8342d4500cdf9f1d1e4e2ac266923c1"", element=""24eb016e-ab1f-4ea6-8fee-9d5d85973022"")>"
445,"<selenium.webdriver.remote.webelement.WebElement (session=""c8342d4500cdf9f1d1e4e2ac266923c1"", element=""b040edc9-e6e9-4cb4-80b9-b7b87937830f"")>"
446,"<selenium.webdriver.remote.webelement.WebElement (session=""c8342d4500cdf9f1d1e4e2ac266923c1"", element=""769d19ee-c5c7-4f36-88a6-4f07ea0d9e24"")>"
447,"<selenium.webdriver.remote.webelement.WebElement (session=""c8342d4500cdf9f1d1e4e2ac266923c1"", element=""2560f836-b518-4e5d-9e67-dc7b2b2ed831"")>"
448,"<selenium.webdriver.remote.webelement.WebElement (session=""c8342d4500cdf9f1d1e4e2ac266923c1"", element=""c6ae0d2e-3e88-408c-b028-83989efd60eb"")>"
449,"<selenium.webdriver.remote.webelement.WebElement (session=""c8342d4500cdf9f1d1e4e2ac266923c1"", element=""de243ba9-9834-4c97-b75c-4af38cd646ba"")>"
450,"<selenium.webdriver.remote.webelement.WebElement (session=""c8342d4500cdf9f1d1e4e2ac266923c1"", element=""6c02a662-01f9-4781-83f8-4e5ab681fdce"")>"
451,"<selenium.webdriver.remote.webelement.WebElement (session=""c8342d4500cdf9f1d1e4e2ac266923c1"", element=""daa0af60-b841-486f-96a4-af99d6a9e2d8"")>"
452,"<selenium.webdriver.remote.webelement.WebElement (session=""c8342d4500cdf9f1d1e4e2ac266923c1"", element=""a4cb4c56-c833-419d-8af4-40e63ec1a54d"")>"
453,"<selenium.webdriver.remote.webelement.WebElement (session=""c8342d4500cdf9f1d1e4e2ac266923c1"", element=""32723dfc-72df-4f2d-a082-8b253ddc9141"")>"
454,"<selenium.webdriver.remote.webelement.WebElement (session=""c8342d4500cdf9f1d1e4e2ac266923c1"", element=""a0c5c267-7a99-4bc9-b745-439849bc44f2"")>"
455,"<selenium.webdriver.remote.webelement.WebElement (session=""c8342d4500cdf9f1d1e4e2ac266923c1"", element=""fdcbbebe-0ada-4406-a92b-2d115f665339"")>"
456,"<selenium.webdriver.remote.webelement.WebElement (session=""c8342d4500cdf9f1d1e4e2ac266923c1"", element=""d7774310-fd42-4d54-9afc-e46904c047e7"")>"
457,"<selenium.webdriver.remote.webelement.WebElement (session=""c8342d4500cdf9f1d1e4e2ac266923c1"", element=""7c909ddc-5dad-443a-a6f1-c5442c713306"")>"
458,"<selenium.webdriver.remote.webelement.WebElement (session=""c8342d4500cdf9f1d1e4e2ac266923c1"", element=""c41fca44-8275-4344-9c8d-ea16c0456a17"")>"
459,"<selenium.webdriver.remote.webelement.WebElement (session=""c8342d4500cdf9f1d1e4e2ac266923c1"", element=""14af1ab7-40dd-4658-8dd9-2b8450c690d9"")>"
460,"<selenium.webdriver.remote.webelement.WebElement (session=""c8342d4500cdf9f1d1e4e2ac266923c1"", element=""8e99ed68-4cea-4637-9392-4598cd66635b"")>"
461,"<selenium.webdriver.remote.webelement.WebElement (session=""c8342d4500cdf9f1d1e4e2ac266923c1"", element=""5ac01ec6-9510-4455-bfc3-d345ed640831"")>"
462,"<selenium.webdriver.remote.webelement.WebElement (session=""c8342d4500cdf9f1d1e4e2ac266923c1"", element=""80f92da0-ac19-4a6f-b7a3-c57c2c01b9fc"")>"
463,"<selenium.webdriver.remote.webelement.WebElement (session=""c8342d4500cdf9f1d1e4e2ac266923c1"", element=""8063cc46-f67d-4997-917c-4f558d0bc6fd"")>"
464,"<selenium.webdriver.remote.webelement.WebElement (session=""c8342d4500cdf9f1d1e4e2ac266923c1"", element=""36d2be9a-79c5-47df-bf9a-d422f3dcd21c"")>"
465,"<selenium.webdriver.remote.webelement.WebElement (session=""c8342d4500cdf9f1d1e4e2ac266923c1"", element=""d019346a-186d-40c5-8f5e-75bae8672342"")>"
466,"<selenium.webdriver.remote.webelement.WebElement (session=""c8342d4500cdf9f1d1e4e2ac266923c1"", element=""4d2b6650-4183-43ec-878b-85c4c7b7d0dc"")>"
467,"<selenium.webdriver.remote.webelement.WebElement (session=""c8342d4500cdf9f1d1e4e2ac266923c1"", element=""4ffb9073-5e90-4643-8020-ebdb4083ae11"")>"
468,"<selenium.webdriver.remote.webelement.WebElement (session=""c8342d4500cdf9f1d1e4e2ac266923c1"", element=""cc7b2dd0-7aae-4ea8-8620-f4eb4c923fed"")>"
469,"<selenium.webdriver.remote.webelement.WebElement (session=""c8342d4500cdf9f1d1e4e2ac266923c1"", element=""da213717-5762-4990-8a02-2647147d3db4"")>"
470,"<selenium.webdriver.remote.webelement.WebElement (session=""c8342d4500cdf9f1d1e4e2ac266923c1"", element=""2d74deff-108a-4f66-8d3a-ba8492741ab1"")>"
471,"<selenium.webdriver.remote.webelement.WebElement (session=""c8342d4500cdf9f1d1e4e2ac266923c1"", element=""e74c6dd6-2583-43eb-938f-a3061948ec9f"")>"
472,"<selenium.webdriver.remote.webelement.WebElement (session=""c8342d4500cdf9f1d1e4e2ac266923c1"", element=""73bd1605-d13a-4214-9b05-f4a64481a7cd"")>"
473,"<selenium.webdriver.remote.webelement.WebElement (session=""c8342d4500cdf9f1d1e4e2ac266923c1"", element=""de3aa8e1-d573-4261-a458-daebed207108"")>"
474,"<selenium.webdriver.remote.webelement.WebElement (session=""c8342d4500cdf9f1d1e4e2ac266923c1"", element=""7d4b3756-bd1f-490f-94e3-21a640d51f58"")>"
475,"<selenium.webdriver.remote.webelement.WebElement (session=""c8342d4500cdf9f1d1e4e2ac266923c1"", element=""374b3350-ea90-4d64-aef9-3b66ded83191"")>"
476,"<selenium.webdriver.remote.webelement.WebElement (session=""c8342d4500cdf9f1d1e4e2ac266923c1"", element=""82faf738-41a5-4ace-a1b9-45c62a863d15"")>"
477,"<selenium.webdriver.remote.webelement.WebElement (session=""c8342d4500cdf9f1d1e4e2ac266923c1"", element=""8181c343-bbe9-4d6c-9691-8bde1b1a5e82"")>"
478,"<selenium.webdriver.remote.webelement.WebElement (session=""c8342d4500cdf9f1d1e4e2ac266923c1"", element=""3255dd4a-02d1-4ac5-9d66-f58dc4e5b96a"")>"
479,"<selenium.webdriver.remote.webelement.WebElement (session=""c8342d4500cdf9f1d1e4e2ac266923c1"", element=""617a41d5-0fc6-4cd1-a01c-063516ca3e5a"")>"
480,"<selenium.webdriver.remote.webelement.WebElement (session=""c8342d4500cdf9f1d1e4e2ac266923c1"", element=""e8316104-b146-4924-af3c-f1f3be76e285"")>"
481,"<selenium.webdriver.remote.webelement.WebElement (session=""c8342d4500cdf9f1d1e4e2ac266923c1"", element=""e2f287d6-c195-4c40-8327-75c8e756f7b3"")>"
482,"<selenium.webdriver.remote.webelement.WebElement (session=""c8342d4500cdf9f1d1e4e2ac266923c1"", element=""a8dfefa8-cb4d-4f59-9a67-069d5b3cb2e5"")>"
483,"<selenium.webdriver.remote.webelement.WebElement (session=""c8342d4500cdf9f1d1e4e2ac266923c1"", element=""7b23acb4-912b-4ab7-b419-dbbf408ab5a1"")>"
484,"<selenium.webdriver.remote.webelement.WebElement (session=""c8342d4500cdf9f1d1e4e2ac266923c1"", element=""7c4d62a0-cfa5-41a5-a635-d37b0d79b227"")>"
485,"<selenium.webdriver.remote.webelement.WebElement (session=""c8342d4500cdf9f1d1e4e2ac266923c1"", element=""34d4f743-0227-4c65-80c4-dd32fa22b2e1"")>"
486,"<selenium.webdriver.remote.webelement.WebElement (session=""c8342d4500cdf9f1d1e4e2ac266923c1"", element=""02500ca0-2a51-4024-90c5-2d3ee97d862c"")>"
487,"<selenium.webdriver.remote.webelement.WebElement (session=""c8342d4500cdf9f1d1e4e2ac266923c1"", element=""b3775485-1ff4-4c5b-acb7-dbe130ec6524"")>"
488,"<selenium.webdriver.remote.webelement.WebElement (session=""c8342d4500cdf9f1d1e4e2ac266923c1"", element=""f2044fda-12c9-4b81-b02a-15ce95d3fe9e"")>"
489,"<selenium.webdriver.remote.webelement.WebElement (session=""c8342d4500cdf9f1d1e4e2ac266923c1"", element=""41becfe9-8991-41f3-b8a5-45db8fd76bc2"")>"
490,"<selenium.webdriver.remote.webelement.WebElement (session=""c8342d4500cdf9f1d1e4e2ac266923c1"", element=""ac06a485-adf3-4bac-8e3f-486e6aa421c5"")>"
491,"<selenium.webdriver.remote.webelement.WebElement (session=""c8342d4500cdf9f1d1e4e2ac266923c1"", element=""8a0bb9ff-c700-4b89-8089-ace92e83185a"")>"
492,"<selenium.webdriver.remote.webelement.WebElement (session=""c8342d4500cdf9f1d1e4e2ac266923c1"", element=""00ef54be-168d-40f7-9d1d-e5881b86cf60"")>"
493,"<selenium.webdriver.remote.webelement.WebElement (session=""c8342d4500cdf9f1d1e4e2ac266923c1"", element=""9a763b20-8dbb-4ec7-a05e-aae40f3e5267"")>"
494,"<selenium.webdriver.remote.webelement.WebElement (session=""c8342d4500cdf9f1d1e4e2ac266923c1"", element=""ff03e865-0fb2-4d03-aa6a-75d7c9cb2381"")>"
495,"<selenium.webdriver.remote.webelement.WebElement (session=""c8342d4500cdf9f1d1e4e2ac266923c1"", element=""258ef44e-dfee-421c-8bcf-385cac596e39"")>"
496,"<selenium.webdriver.remote.webelement.WebElement (session=""c8342d4500cdf9f1d1e4e2ac266923c1"", element=""4dbe088f-3bad-40f2-bf0d-654454586590"")>"
497,"<selenium.webdriver.remote.webelement.WebElement (session=""c8342d4500cdf9f1d1e4e2ac266923c1"", element=""187816f5-096d-44d2-8330-973c4c263c49"")>"
498,"<selenium.webdriver.remote.webelement.WebElement (session=""c8342d4500cdf9f1d1e4e2ac266923c1"", element=""b7e99af3-cb66-4283-8d04-a7c64ebb958d"")>"
499,"<selenium.webdriver.remote.webelement.WebElement (session=""c8342d4500cdf9f1d1e4e2ac266923c1"", element=""5d09c81b-2dd4-4623-958b-0ba5b791a076"")>"
500,"<selenium.webdriver.remote.webelement.WebElement (session=""c8342d4500cdf9f1d1e4e2ac266923c1"", element=""f93cde41-513f-427d-a35a-ac3ee64e8d4a"")>"
501,"<selenium.webdriver.remote.webelement.WebElement (session=""c8342d4500cdf9f1d1e4e2ac266923c1"", element=""cbdd81cc-458d-42f7-850a-ddd6f0300c36"")>"
502,"<selenium.webdriver.remote.webelement.WebElement (session=""c8342d4500cdf9f1d1e4e2ac266923c1"", element=""7ed55857-c6e6-465d-b5ae-5e67e804160c"")>"
503,"<selenium.webdriver.remote.webelement.WebElement (session=""c8342d4500cdf9f1d1e4e2ac266923c1"", element=""d65403ff-2786-4045-aeb8-9b4fb31a1a5e"")>"
504,"<selenium.webdriver.remote.webelement.WebElement (session=""c8342d4500cdf9f1d1e4e2ac266923c1"", element=""c884dc2e-b7b0-484d-a20a-92f00d35dede"")>"
505,"<selenium.webdriver.remote.webelement.WebElement (session=""c8342d4500cdf9f1d1e4e2ac266923c1"", element=""2097b71b-f1af-4e57-bae6-39af56755885"")>"
506,"<selenium.webdriver.remote.webelement.WebElement (session=""c8342d4500cdf9f1d1e4e2ac266923c1"", element=""30bc5c12-74aa-4833-9808-261c7e1b1a21"")>"
507,"<selenium.webdriver.remote.webelement.WebElement (session=""c8342d4500cdf9f1d1e4e2ac266923c1"", element=""ea2b6c21-1f63-4f57-94b2-6645c348e5db"")>"
508,"<selenium.webdriver.remote.webelement.WebElement (session=""c8342d4500cdf9f1d1e4e2ac266923c1"", element=""c2bd6dcc-da3a-479e-a705-2eb67d04f71d"")>"
509,"<selenium.webdriver.remote.webelement.WebElement (session=""c8342d4500cdf9f1d1e4e2ac266923c1"", element=""9ea8f8f8-2769-4eb9-9e17-225ce45eebd6"")>"
510,"<selenium.webdriver.remote.webelement.WebElement (session=""c8342d4500cdf9f1d1e4e2ac266923c1"", element=""3e577178-516d-47ac-92b7-0a21e88dd63a"")>"
511,"<selenium.webdriver.remote.webelement.WebElement (session=""c8342d4500cdf9f1d1e4e2ac266923c1"", element=""31fc21a2-8e7c-4efb-95aa-46fc917008bc"")>"
512,"<selenium.webdriver.remote.webelement.WebElement (session=""c8342d4500cdf9f1d1e4e2ac266923c1"", element=""28e08fd5-8cd2-4ef9-acc8-74ab259d1262"")>"
513,"<selenium.webdriver.remote.webelement.WebElement (session=""c8342d4500cdf9f1d1e4e2ac266923c1"", element=""b3be10d0-3bd0-43dc-a12a-8e3208fc8db1"")>"
514,"<selenium.webdriver.remote.webelement.WebElement (session=""c8342d4500cdf9f1d1e4e2ac266923c1"", element=""48ed9505-5919-48be-b55b-e13aa72a8daf"")>"
515,"<selenium.webdriver.remote.webelement.WebElement (session=""c8342d4500cdf9f1d1e4e2ac266923c1"", element=""da62eaa3-c7f2-4267-b3ee-7d775efd4712"")>"
516,"<selenium.webdriver.remote.webelement.WebElement (session=""c8342d4500cdf9f1d1e4e2ac266923c1"", element=""f8358f38-0e47-4fd4-bb6b-962cc6f5e3c2"")>"
517,"<selenium.webdriver.remote.webelement.WebElement (session=""c8342d4500cdf9f1d1e4e2ac266923c1"", element=""c383486c-1915-4c74-a0ff-44c41a444a1d"")>"
518,"<selenium.webdriver.remote.webelement.WebElement (session=""c8342d4500cdf9f1d1e4e2ac266923c1"", element=""1ede05e5-72f4-44b1-8b8b-ab895338d0a7"")>"
519,"<selenium.webdriver.remote.webelement.WebElement (session=""c8342d4500cdf9f1d1e4e2ac266923c1"", element=""d9c16da8-473a-4df8-b059-e19ae71a8dc4"")>"
520,"<selenium.webdriver.remote.webelement.WebElement (session=""c8342d4500cdf9f1d1e4e2ac266923c1"", element=""6337dced-d294-4e2c-a1dd-c297581ff63e"")>"
521,"<selenium.webdriver.remote.webelement.WebElement (session=""c8342d4500cdf9f1d1e4e2ac266923c1"", element=""dce3bd80-abc7-4155-8524-0a5971040bff"")>"
522,"<selenium.webdriver.remote.webelement.WebElement (session=""c8342d4500cdf9f1d1e4e2ac266923c1"", element=""87e3e239-8e9b-4b1a-9d74-9b4cfd0f02c1"")>"
523,"<selenium.webdriver.remote.webelement.WebElement (session=""c8342d4500cdf9f1d1e4e2ac266923c1"", element=""e71d71a6-6d02-4a4c-b393-03e45f59d178"")>"
524,"<selenium.webdriver.remote.webelement.WebElement (session=""c8342d4500cdf9f1d1e4e2ac266923c1"", element=""98bf35f0-c645-44d9-83fa-f64c54a17c74"")>"
525,"<selenium.webdriver.remote.webelement.WebElement (session=""c8342d4500cdf9f1d1e4e2ac266923c1"", element=""1101077d-2419-4080-8762-6ecf125fda43"")>"
526,"<selenium.webdriver.remote.webelement.WebElement (session=""c8342d4500cdf9f1d1e4e2ac266923c1"", element=""0feae287-34dd-48e9-9308-f62ada27f30e"")>"
527,"<selenium.webdriver.remote.webelement.WebElement (session=""c8342d4500cdf9f1d1e4e2ac266923c1"", element=""173680a9-8415-44d0-be9a-d116d5896fdc"")>"
528,"<selenium.webdriver.remote.webelement.WebElement (session=""c8342d4500cdf9f1d1e4e2ac266923c1"", element=""07d32013-3110-4362-a064-947e382add81"")>"
529,"<selenium.webdriver.remote.webelement.WebElement (session=""c8342d4500cdf9f1d1e4e2ac266923c1"", element=""15fecf97-9ed0-474b-a74a-6f52a3101857"")>"
530,"<selenium.webdriver.remote.webelement.WebElement (session=""c8342d4500cdf9f1d1e4e2ac266923c1"", element=""99072f5c-9b6d-4c63-aed0-e8b5239b9120"")>"
531,"<selenium.webdriver.remote.webelement.WebElement (session=""c8342d4500cdf9f1d1e4e2ac266923c1"", element=""4049f787-0ca9-4f46-8a44-81284a533790"")>"
532,"<selenium.webdriver.remote.webelement.WebElement (session=""c8342d4500cdf9f1d1e4e2ac266923c1"", element=""c0bce0bb-be40-4840-925e-f69948f6c9e3"")>"
533,"<selenium.webdriver.remote.webelement.WebElement (session=""c8342d4500cdf9f1d1e4e2ac266923c1"", element=""d9dedcd0-6d25-4830-a3e0-c4786e29ff8a"")>"
534,"<selenium.webdriver.remote.webelement.WebElement (session=""c8342d4500cdf9f1d1e4e2ac266923c1"", element=""8b9bb25c-6723-43be-a8db-31124932edcf"")>"
535,"<selenium.webdriver.remote.webelement.WebElement (session=""c8342d4500cdf9f1d1e4e2ac266923c1"", element=""1c0403a5-d893-4bc3-9b73-1f8a9e5fa0e6"")>"
536,"<selenium.webdriver.remote.webelement.WebElement (session=""c8342d4500cdf9f1d1e4e2ac266923c1"", element=""9c3386a2-34a4-4215-ac4a-381674e6603c"")>"
537,"<selenium.webdriver.remote.webelement.WebElement (session=""c8342d4500cdf9f1d1e4e2ac266923c1"", element=""c5588088-a39b-4012-b017-0b3b3e4bc0b3"")>"
538,"<selenium.webdriver.remote.webelement.WebElement (session=""c8342d4500cdf9f1d1e4e2ac266923c1"", element=""cf8bc148-08a2-4b91-887a-d2e0890dd37f"")>"
539,"<selenium.webdriver.remote.webelement.WebElement (session=""c8342d4500cdf9f1d1e4e2ac266923c1"", element=""6a5cc01f-5ec9-4361-a559-fe3b88a5f559"")>"
540,"<selenium.webdriver.remote.webelement.WebElement (session=""c8342d4500cdf9f1d1e4e2ac266923c1"", element=""37620842-5ab0-491c-a0bd-1c21f9cf6a35"")>"
541,"<selenium.webdriver.remote.webelement.WebElement (session=""c8342d4500cdf9f1d1e4e2ac266923c1"", element=""7c6bd648-560b-4e15-80be-32b0e82bde1a"")>"
542,"<selenium.webdriver.remote.webelement.WebElement (session=""c8342d4500cdf9f1d1e4e2ac266923c1"", element=""93268732-310f-4e47-b8db-8a4b60e0ddaf"")>"
543,"<selenium.webdriver.remote.webelement.WebElement (session=""c8342d4500cdf9f1d1e4e2ac266923c1"", element=""7083394b-07b3-467b-aeb5-4c29a06c8980"")>"
544,"<selenium.webdriver.remote.webelement.WebElement (session=""c8342d4500cdf9f1d1e4e2ac266923c1"", element=""26f8ec9c-d14d-4f2d-bf20-c0d97a76defb"")>"
545,"<selenium.webdriver.remote.webelement.WebElement (session=""c8342d4500cdf9f1d1e4e2ac266923c1"", element=""7b433c1a-88d8-478d-92e1-b1e59dcb1c8a"")>"
546,"<selenium.webdriver.remote.webelement.WebElement (session=""c8342d4500cdf9f1d1e4e2ac266923c1"", element=""5a0186bc-c1bc-42d6-a291-a787cab188a6"")>"
547,"<selenium.webdriver.remote.webelement.WebElement (session=""c8342d4500cdf9f1d1e4e2ac266923c1"", element=""62ef98ea-ef76-4f51-b061-5679934cadb6"")>"
548,"<selenium.webdriver.remote.webelement.WebElement (session=""c8342d4500cdf9f1d1e4e2ac266923c1"", element=""ec7c2428-1ef0-4c77-9314-729655ba9ddd"")>"
549,"<selenium.webdriver.remote.webelement.WebElement (session=""c8342d4500cdf9f1d1e4e2ac266923c1"", element=""4203cf93-c3ba-4f54-96af-3923e66afbfd"")>"
550,"<selenium.webdriver.remote.webelement.WebElement (session=""c8342d4500cdf9f1d1e4e2ac266923c1"", element=""3d22e8fa-65c9-4209-bc2b-40f0bc406019"")>"
551,"<selenium.webdriver.remote.webelement.WebElement (session=""c8342d4500cdf9f1d1e4e2ac266923c1"", element=""52b5590b-ceb1-41b9-aecc-c0a50dc0a27a"")>"
552,"<selenium.webdriver.remote.webelement.WebElement (session=""c8342d4500cdf9f1d1e4e2ac266923c1"", element=""f14192db-1ac4-4f78-b849-b87dca358b30"")>"
553,"<selenium.webdriver.remote.webelement.WebElement (session=""c8342d4500cdf9f1d1e4e2ac266923c1"", element=""04792622-0a47-4395-a058-d48b5a84c7a3"")>"
554,"<selenium.webdriver.remote.webelement.WebElement (session=""c8342d4500cdf9f1d1e4e2ac266923c1"", element=""b2105a7d-8041-4bae-ba5d-328a0381e129"")>"
555,"<selenium.webdriver.remote.webelement.WebElement (session=""c8342d4500cdf9f1d1e4e2ac266923c1"", element=""5bc610fa-fb3a-491a-a220-b366047c7334"")>"
556,"<selenium.webdriver.remote.webelement.WebElement (session=""c8342d4500cdf9f1d1e4e2ac266923c1"", element=""2191a9e2-5bb8-4706-900d-4947f4a8a001"")>"
557,"<selenium.webdriver.remote.webelement.WebElement (session=""c8342d4500cdf9f1d1e4e2ac266923c1"", element=""d8eae397-1d68-416b-81e1-d9168ad414ed"")>"
558,"<selenium.webdriver.remote.webelement.WebElement (session=""c8342d4500cdf9f1d1e4e2ac266923c1"", element=""fee93e02-7c2d-4c2c-8f47-6e7a7fe1863b"")>"
559,"<selenium.webdriver.remote.webelement.WebElement (session=""c8342d4500cdf9f1d1e4e2ac266923c1"", element=""caf80692-3242-4176-8906-304a5cc39dfb"")>"
560,"<selenium.webdriver.remote.webelement.WebElement (session=""c8342d4500cdf9f1d1e4e2ac266923c1"", element=""4b806078-8f0d-44c9-8500-353cfc6bcb3b"")>"
561,"<selenium.webdriver.remote.webelement.WebElement (session=""c8342d4500cdf9f1d1e4e2ac266923c1"", element=""7e55edcd-2ebc-4546-8c68-1e7f1457e53b"")>"
562,"<selenium.webdriver.remote.webelement.WebElement (session=""c8342d4500cdf9f1d1e4e2ac266923c1"", element=""8eaa1911-f2f8-4801-b065-1032816c180f"")>"
563,"<selenium.webdriver.remote.webelement.WebElement (session=""c8342d4500cdf9f1d1e4e2ac266923c1"", element=""67e62cb4-0725-48ba-b2c9-65e92b6a0651"")>"
564,"<selenium.webdriver.remote.webelement.WebElement (session=""c8342d4500cdf9f1d1e4e2ac266923c1"", element=""f0b1bb0c-656e-4ef2-93e7-afd102302e4d"")>"
565,"<selenium.webdriver.remote.webelement.WebElement (session=""c8342d4500cdf9f1d1e4e2ac266923c1"", element=""69627fd9-44e1-420b-bd0d-b5f6ba9473b8"")>"
566,"<selenium.webdriver.remote.webelement.WebElement (session=""c8342d4500cdf9f1d1e4e2ac266923c1"", element=""4765dd53-55aa-42ce-95d0-dcff81064eda"")>"
567,"<selenium.webdriver.remote.webelement.WebElement (session=""c8342d4500cdf9f1d1e4e2ac266923c1"", element=""063b6e63-5d6b-439a-a2ea-3ba6e98ace04"")>"
568,"<selenium.webdriver.remote.webelement.WebElement (session=""c8342d4500cdf9f1d1e4e2ac266923c1"", element=""96f521bb-f427-4c8e-985b-91b7721d7e8c"")>"
569,"<selenium.webdriver.remote.webelement.WebElement (session=""c8342d4500cdf9f1d1e4e2ac266923c1"", element=""2dc7bf92-5012-4ee1-ad8c-8cfe41732d3e"")>"
570,"<selenium.webdriver.remote.webelement.WebElement (session=""c8342d4500cdf9f1d1e4e2ac266923c1"", element=""9d1a8579-9629-45b6-96f7-2340c6f8dbe7"")>"
571,"<selenium.webdriver.remote.webelement.WebElement (session=""c8342d4500cdf9f1d1e4e2ac266923c1"", element=""8299a6df-86d2-405c-9ffd-5df5e32d6da0"")>"
572,"<selenium.webdriver.remote.webelement.WebElement (session=""c8342d4500cdf9f1d1e4e2ac266923c1"", element=""ae62cb83-240d-4bd0-bc66-1ece1aa7e3ec"")>"
573,"<selenium.webdriver.remote.webelement.WebElement (session=""c8342d4500cdf9f1d1e4e2ac266923c1"", element=""453d73eb-65b1-43ca-bc15-141a3259ff2c"")>"
574,"<selenium.webdriver.remote.webelement.WebElement (session=""c8342d4500cdf9f1d1e4e2ac266923c1"", element=""289e73d4-9179-48ed-b1f1-60909d4467c9"")>"
